24,24,26,26,2,14,-2,-14
24,25,26,25,2,15,-2,-15
24,26,26,24,2,16,-2,-16
24,27,26,23,2,17,-2,-17
24,28,26,22,2,18,-2,-18
24,29,26,21,2,19,-2,-19
24,30,26,20,2,20,-2,-20
23,30,27,20,1,20,-1,-20
22,30,28,20,0,20,0,-20
22,29,28,21,0,19,0,-19
22,28,28,22,0,18,0,-18
22,27,28,23,0,17,0,-17
22,26,28,24,0,16,0,-16
22,25,28,25,0,15,0,-15
22,24,28,26,0,14,0,-14
22,23,28,27,0,13,0,-13
22,22,28,28,0,12,0,-12
22,21,28,29,0,11,0,-11
22,20,28,30,0,10,0,-10
22,19,28,31,0,9,0,-9
22,18,28,32,0,8,0,-8
22,17,28,33,0,7,0,-7
22,16,28,34,0,6,0,-6
22,15,28,35,0,5,0,-5
22,14,28,36,0,4,0,-4
22,13,28,37,0,3,0,-3
22,12,28,38,0,2,0,-2
22,11,28,39,0,1,0,-1
22,10,28,40,5,-33,-5,33
22,9,28,41,5,-34,-5,34
22,8,28,42,5,-35,-5,35
22,7,28,43,5,-36,-5,36
22,6,28,44,5,-37,-5,37
22,5,28,45,5,-38,-5,38
21,5,29,45,4,-38,-4,38
20,5,30,45,3,-38,-3,38
19,5,31,45,2,-38,-2,38
19,6,31,44,2,-37,-2,37
19,7,31,43,2,-36,-2,36
19,8,31,42,2,-35,-2,35
19,9,31,41,2,-34,-2,34
19,10,31,40,2,-33,-2,33
19,11,31,39,2,-32,-2,32
19,12,31,38,2,-31,-2,31
19,13,31,37,2,-30,-2,30
19,14,31,36,2,-29,-2,29
18,14,32,36,1,-29,-1,29
17,14,33,36,0,-29,0,29
17,15,33,35,0,-28,0,28
17,16,33,34,0,-27,0,27
17,17,33,33,0,-26,0,26
17,18,33,32,0,-25,0,25
17,19,33,31,0,-24,0,24
17,20,33,30,0,-23,0,23
17,21,33,29,0,-22,0,22
17,22,33,28,0,-21,0,21
17,23,33,27,0,-20,0,20
17,24,33,26,0,-19,0,19
17,25,33,25,0,-18,0,18
17,26,33,24,0,-17,0,17
17,27,33,23,0,-16,0,16
17,28,33,22,0,-15,0,15
17,29,33,21,0,-14,0,14
17,30,33,20,0,-13,0,13
17,31,33,19,0,-12,0,12
17,32,33,18,0,-11,0,11
17,33,33,17,0,-10,0,10
17,34,33,16,0,-9,0,9
17,35,33,15,0,-8,0,8
17,36,33,14,0,-7,0,7
17,37,33,13,0,-6,0,6
17,38,33,12,0,-5,0,5
17,39,33,11,0,-4,0,4
17,40,33,10,0,-3,0,3
17,41,33,9,0,-2,0,2
17,42,33,8,0,-1,0,1
17,43,33,7,16,15,-16,-15
17,44,33,6,16,16,-16,-16
17,45,33,5,16,17,-16,-17
17,46,33,4,16,18,-16,-18
17,47,33,3,16,19,-16,-19
16,47,34,3,15,19,-15,-19
15,47,35,3,14,19,-14,-19
14,47,36,3,13,19,-13,-19
13,47,37,3,12,19,-12,-19
12,47,38,3,11,19,-11,-19
11,47,39,3,10,19,-10,-19
10,47,40,3,9,19,-9,-19
9,47,41,3,8,19,-8,-19
8,47,42,3,7,19,-7,-19
7,47,43,3,6,19,-6,-19
6,47,44,3,5,19,-5,-19
5,47,45,3,4,19,-4,-19
4,47,46,3,3,19,-3,-19
3,47,47,3,2,19,-2,-19
2,47,48,3,1,19,-1,-19
1,47,49,3,0,19,0,-19
1,46,49,4,0,18,0,-18
1,45,49,5,0,17,0,-17
1,44,49,6,0,16,0,-16
1,43,49,7,0,15,0,-15
1,42,49,8,0,14,0,-14
1,41,49,9,0,13,0,-13
1,40,49,10,0,12,0,-12
1,39,49,11,0,11,0,-11
1,38,49,12,0,10,0,-10
1,37,49,13,0,9,0,-9
1,36,49,14,0,8,0,-8
1,35,49,15,0,7,0,-7
1,34,49,16,0,6,0,-6
1,33,49,17,0,5,0,-5
1,32,49,18,0,4,0,-4
1,31,49,19,0,3,0,-3
1,30,49,20,0,2,0,-2
1,29,49,21,0,1,0,-1
1,28,49,22,-26,2,26,-2
1,27,49,23,-26,1,26,-1
1,26,49,24,-26,0,26,0
1,25,49,25,-26,-1,26,1
1,24,49,26,-26,-2,26,2
2,24,48,26,-25,-2,25,2
3,24,47,26,-24,-2,24,2
4,24,46,26,-23,-2,23,2
5,24,45,26,-22,-2,22,2
6,24,44,26,-21,-2,21,2
7,24,43,26,-20,-2,20,2
8,24,42,26,-19,-2,19,2
8,25,42,25,-19,-1,19,1
9,25,41,25,-18,-1,18,1
10,25,40,25,-17,-1,17,1
11,25,39,25,-16,-1,16,1
12,25,38,25,-15,-1,15,1
13,25,37,25,-14,-1,14,1
14,25,36,25,-13,-1,13,1
15,25,35,25,-12,-1,12,1
16,25,34,25,-11,-1,11,1
17,25,33,25,-10,-1,10,1
18,25,32,25,-9,-1,9,1
18,26,32,24,-9,0,9,0
19,26,31,24,-8,0,8,0
20,26,30,24,-7,0,7,0
21,26,29,24,-6,0,6,0
22,26,28,24,-5,0,5,0
23,26,27,24,-4,0,4,0
24,26,26,24,-3,0,3,0
25,26,25,24,-2,0,2,0
26,26,24,24,-1,0,1,0
27,26,23,24,3,11,-3,-11
28,26,22,24,4,11,-4,-11
29,26,21,24,5,11,-5,-11
30,26,20,24,6,11,-6,-11
30,25,20,25,6,10,-6,-10
30,24,20,26,6,9,-6,-9
30,23,20,27,6,8,-6,-8
30,22,20,28,6,7,-6,-7
30,21,20,29,6,6,-6,-6
30,20,20,30,6,5,-6,-5
30,19,20,31,6,4,-6,-4
30,18,20,32,6,3,-6,-3
30,17,20,33,6,2,-6,-2
30,16,20,34,6,1,-6,-1
30,15,20,35,6,0,-6,0
29,15,21,35,5,0,-5,0
28,15,22,35,4,0,-4,0
27,15,23,35,3,0,-3,0
26,15,24,35,2,0,-2,0
25,15,25,35,1,0,-1,0
24,15,26,35,12,-6,-12,6
23,15,27,35,11,-6,-11,6
22,15,28,35,10,-6,-10,6
21,15,29,35,9,-6,-9,6
20,15,30,35,8,-6,-8,6
19,15,31,35,7,-6,-7,6
18,15,32,35,6,-6,-6,6
17,15,33,35,5,-6,-5,6
16,15,34,35,4,-6,-4,6
15,15,35,35,3,-6,-3,6
14,15,36,35,2,-6,-2,6
13,15,37,35,1,-6,-1,6
12,15,38,35,0,-6,0,6
12,16,38,34,0,-5,0,5
12,17,38,33,0,-4,0,4
12,18,38,32,0,-3,0,3
12,19,38,31,0,-2,0,2
12,20,38,30,0,-1,0,1
12,21,38,29,-12,5,12,-5
12,22,38,28,-12,6,12,-6
12,23,38,27,-12,7,12,-7
12,24,38,26,-12,8,12,-8
12,25,38,25,-12,9,12,-9
13,25,37,25,-11,9,11,-9
14,25,36,25,-10,9,10,-9
15,25,35,25,-9,9,9,-9
16,25,34,25,-8,9,8,-9
17,25,33,25,-7,9,7,-9
18,25,32,25,-6,9,6,-9
19,25,31,25,-5,9,5,-9
20,25,30,25,-4,9,4,-9
21,25,29,25,-3,9,3,-9
22,25,28,25,-2,9,2,-9
23,25,27,25,-1,9,1,-9
24,25,26,25,0,9,0,-9
24,24,26,26,0,8,0,-8
24,23,26,27,0,7,0,-7
24,22,26,28,0,6,0,-6
24,21,26,29,0,5,0,-5
24,20,26,30,0,4,0,-4
24,19,26,31,0,3,0,-3
24,18,26,32,0,2,0,-2
24,17,26,33,0,1,0,-1
24,16,26,34,20,8,-20,-8
24,15,26,35,20,7,-20,-7
24,14,26,36,20,6,-20,-6
24,13,26,37,20,5,-20,-5
23,13,27,37,19,5,-19,-5
22,13,28,37,18,5,-18,-5
21,13,29,37,17,5,-17,-5
21,12,29,38,17,4,-17,-4
21,11,29,39,17,3,-17,-3
21,10,29,40,17,2,-17,-2
21,9,29,41,17,1,-17,-1
21,8,29,42,17,0,-17,0
20,8,30,42,16,0,-16,0
19,8,31,42,15,0,-15,0
18,8,32,42,14,0,-14,0
17,8,33,42,13,0,-13,0
16,8,34,42,12,0,-12,0
15,8,35,42,11,0,-11,0
14,8,36,42,10,0,-10,0
13,8,37,42,9,0,-9,0
12,8,38,42,8,0,-8,0
11,8,39,42,7,0,-7,0
10,8,40,42,6,0,-6,0
9,8,41,42,5,0,-5,0
8,8,42,42,4,0,-4,0
7,8,43,42,3,0,-3,0
6,8,44,42,2,0,-2,0
5,8,45,42,1,0,-1,0
4,8,46,42,-29,-32,29,32
3,8,47,42,-30,-32,30,32
2,8,48,42,-31,-32,31,32
2,9,48,41,-31,-31,31,31
2,10,48,40,-31,-30,31,30
2,11,48,39,-31,-29,31,29
2,12,48,38,-31,-28,31,28
2,13,48,37,-31,-27,31,27
2,14,48,36,-31,-26,31,26
2,15,48,35,-31,-25,31,25
2,16,48,34,-31,-24,31,24
2,17,48,33,-31,-23,31,23
2,18,48,32,-31,-22,31,22
2,19,48,31,-31,-21,31,21
2,20,48,30,-31,-20,31,20
2,21,48,29,-31,-19,31,19
2,22,48,28,-31,-18,31,18
2,23,48,27,-31,-17,31,17
2,24,48,26,-31,-16,31,16
2,25,48,25,-31,-15,31,15
2,26,48,24,-31,-14,31,14
2,27,48,23,-31,-13,31,13
2,28,48,22,-31,-12,31,12
2,29,48,21,-31,-11,31,11
2,30,48,20,-31,-10,31,10
2,31,48,19,-31,-9,31,9
2,32,48,18,-31,-8,31,8
2,33,48,17,-31,-7,31,7
2,34,48,16,-31,-6,31,6
2,35,48,15,-31,-5,31,5
2,36,48,14,-31,-4,31,4
2,37,48,13,-31,-3,31,3
2,38,48,12,-31,-2,31,2
2,39,48,11,-31,-1,31,1
2,40,48,10,-31,0,31,0
3,40,47,10,-30,0,30,0
4,40,46,10,-29,0,29,0
5,40,45,10,-28,0,28,0
6,40,44,10,-27,0,27,0
7,40,43,10,-26,0,26,0
8,40,42,10,-25,0,25,0
9,40,41,10,-24,0,24,0
10,40,40,10,-23,0,23,0
11,40,39,10,-22,0,22,0
12,40,38,10,-21,0,21,0
13,40,37,10,-20,0,20,0
14,40,36,10,-19,0,19,0
15,40,35,10,-18,0,18,0
16,40,34,10,-17,0,17,0
17,40,33,10,-16,0,16,0
18,40,32,10,-15,0,15,0
19,40,31,10,-14,0,14,0
20,40,30,10,-13,0,13,0
21,40,29,10,-12,0,12,0
22,40,28,10,-11,0,11,0
23,40,27,10,-10,0,10,0
24,40,26,10,-9,0,9,0
25,40,25,10,-8,0,8,0
26,40,24,10,-7,0,7,0
27,40,23,10,-6,0,6,0
28,40,22,10,-5,0,5,0
29,40,21,10,-4,0,4,0
30,40,20,10,-3,0,3,0
31,40,19,10,-2,0,2,0
32,40,18,10,-1,0,1,0
33,40,17,10,27,-2,-27,2
34,40,16,10,28,-2,-28,2
35,40,15,10,29,-2,-29,2
36,40,14,10,30,-2,-30,2
37,40,13,10,31,-2,-31,2
37,41,13,9,31,-1,-31,1
37,42,13,8,31,0,-31,0
37,43,13,7,31,1,-31,-1
36,43,14,7,30,1,-30,-1
35,43,15,7,29,1,-29,-1
34,43,16,7,28,1,-28,-1
33,43,17,7,27,1,-27,-1
32,43,18,7,26,1,-26,-1
31,43,19,7,25,1,-25,-1
30,43,20,7,24,1,-24,-1
29,43,21,7,23,1,-23,-1
28,43,22,7,22,1,-22,-1
28,42,22,8,22,0,-22,0
28,41,22,9,22,-1,-22,1
27,41,23,9,21,-1,-21,1
26,41,24,9,20,-1,-20,1
25,41,25,9,19,-1,-19,1
24,41,26,9,18,-1,-18,1
23,41,27,9,17,-1,-17,1
22,41,28,9,16,-1,-16,1
21,41,29,9,15,-1,-15,1
20,41,30,9,14,-1,-14,1
19,41,31,9,13,-1,-13,1
18,41,32,9,12,-1,-12,1
17,41,33,9,11,-1,-11,1
17,42,33,8,11,0,-11,0
16,42,34,8,10,0,-10,0
15,42,35,8,9,0,-9,0
14,42,36,8,8,0,-8,0
13,42,37,8,7,0,-7,0
12,42,38,8,6,0,-6,0
11,42,39,8,5,0,-5,0
10,42,40,8,4,0,-4,0
9,42,41,8,3,0,-3,0
8,42,42,8,2,0,-2,0
7,42,43,8,1,0,-1,0
6,42,44,8,-32,24,32,-24
5,42,45,8,-33,24,33,-24
4,42,46,8,-34,24,34,-24
3,42,47,8,-35,24,35,-24
3,41,47,9,-35,23,35,-23
3,40,47,10,-35,22,35,-22
3,39,47,11,-35,21,35,-21
3,38,47,12,-35,20,35,-20
3,37,47,13,-35,19,35,-19
3,36,47,14,-35,18,35,-18
3,35,47,15,-35,17,35,-17
3,34,47,16,-35,16,35,-16
3,33,47,17,-35,15,35,-15
3,32,47,18,-35,14,35,-14
3,31,47,19,-35,13,35,-13
3,30,47,20,-35,12,35,-12
3,29,47,21,-35,11,35,-11
3,28,47,22,-35,10,35,-10
3,27,47,23,-35,9,35,-9
3,26,47,24,-35,8,35,-8
3,25,47,25,-35,7,35,-7
3,24,47,26,-35,6,35,-6
3,23,47,27,-35,5,35,-5
3,22,47,28,-35,4,35,-4
3,21,47,29,-35,3,35,-3
3,20,47,30,-35,2,35,-2
3,19,47,31,-35,1,35,-1
3,18,47,32,-35,0,35,0
4,18,46,32,-34,0,34,0
5,18,45,32,-33,0,33,0
6,18,44,32,-32,0,32,0
7,18,43,32,-31,0,31,0
8,18,42,32,-30,0,30,0
9,18,41,32,-29,0,29,0
10,18,40,32,-28,0,28,0
11,18,39,32,-27,0,27,0
12,18,38,32,-26,0,26,0
13,18,37,32,-25,0,25,0
14,18,36,32,-24,0,24,0
15,18,35,32,-23,0,23,0
16,18,34,32,-22,0,22,0
17,18,33,32,-21,0,21,0
18,18,32,32,-20,0,20,0
19,18,31,32,-19,0,19,0
20,18,30,32,-18,0,18,0
21,18,29,32,-17,0,17,0
22,18,28,32,-16,0,16,0
23,18,27,32,-15,0,15,0
24,18,26,32,-14,0,14,0
25,18,25,32,-13,0,13,0
26,18,24,32,-12,0,12,0
27,18,23,32,-11,0,11,0
28,18,22,32,-10,0,10,0
29,18,21,32,-9,0,9,0
30,18,20,32,-8,0,8,0
31,18,19,32,-7,0,7,0
32,18,18,32,-6,0,6,0
33,18,17,32,-5,0,5,0
34,18,16,32,-4,0,4,0
35,18,15,32,-3,0,3,0
36,18,14,32,-2,0,2,0
37,18,13,32,-1,0,1,0
38,18,12,32,10,1,-10,-1
39,18,11,32,11,1,-11,-1
40,18,10,32,12,1,-12,-1
41,18,9,32,13,1,-13,-1
41,17,9,33,13,0,-13,0
41,16,9,34,13,-1,-13,1
40,16,10,34,12,-1,-12,1
39,16,11,34,11,-1,-11,1
38,16,12,34,10,-1,-10,1
37,16,13,34,9,-1,-9,1
36,16,14,34,8,-1,-8,1
35,16,15,34,7,-1,-7,1
34,16,16,34,6,-1,-6,1
33,16,17,34,5,-1,-5,1
32,16,18,34,4,-1,-4,1
31,16,19,34,3,-1,-3,1
30,16,20,34,2,-1,-2,1
29,16,21,34,1,-1,-1,1
28,16,22,34,0,-1,0,1
27,16,23,34,-1,-1,1,1
26,16,24,34,-2,-1,2,1
25,16,25,34,-3,-1,3,1
24,16,26,34,-4,-1,4,1
23,16,27,34,-5,-1,5,1
22,16,28,34,-6,-1,6,1
21,16,29,34,-7,-1,7,1
20,16,30,34,-8,-1,8,1
19,16,31,34,-9,-1,9,1
18,16,32,34,-10,-1,10,1
17,16,33,34,-11,-1,11,1
16,16,34,34,-12,-1,12,1
15,16,35,34,-13,-1,13,1
15,17,35,33,-13,0,13,0
16,17,34,33,-12,0,12,0
17,17,33,33,-11,0,11,0
18,17,32,33,-10,0,10,0
19,17,31,33,-9,0,9,0
20,17,30,33,-8,0,8,0
21,17,29,33,-7,0,7,0
22,17,28,33,-6,0,6,0
23,17,27,33,-5,0,5,0
24,17,26,33,-4,0,4,0
25,17,25,33,-3,0,3,0
26,17,24,33,-2,0,2,0
27,17,23,33,-1,0,1,0
28,17,22,33,-16,4,16,-4
29,17,21,33,-15,4,15,-4
30,17,20,33,-14,4,14,-4
31,17,19,33,-13,4,13,-4
32,17,18,33,-12,4,12,-4
33,17,17,33,-11,4,11,-4
34,17,16,33,-10,4,10,-4
34,16,16,34,-10,3,10,-3
34,15,16,35,-10,2,10,-2
34,14,16,36,-10,1,10,-1
34,13,16,37,-10,0,10,0
34,12,16,38,-10,-1,10,1
35,12,15,38,-9,-1,9,1
36,12,14,38,-8,-1,8,1
37,12,13,38,-7,-1,7,1
38,12,12,38,-6,-1,6,1
39,12,11,38,-5,-1,5,1
40,12,10,38,-4,-1,4,1
40,13,10,37,-4,0,4,0
41,13,9,37,-3,0,3,0
42,13,8,37,-2,0,2,0
43,13,7,37,-1,0,1,0
44,13,6,37,10,-6,-10,6
45,13,5,37,11,-6,-11,6
46,13,4,37,12,-6,-12,6
46,14,4,36,12,-5,-12,5
46,15,4,35,12,-4,-12,4
46,16,4,34,12,-3,-12,3
46,17,4,33,12,-2,-12,2
46,18,4,32,12,-1,-12,1
46,19,4,31,12,0,-12,0
45,19,5,31,11,0,-11,0
44,19,6,31,10,0,-10,0
43,19,7,31,9,0,-9,0
42,19,8,31,8,0,-8,0
41,19,9,31,7,0,-7,0
40,19,10,31,6,0,-6,0
39,19,11,31,5,0,-5,0
38,19,12,31,4,0,-4,0
37,19,13,31,3,0,-3,0
36,19,14,31,2,0,-2,0
35,19,15,31,1,0,-1,0
34,19,16,31,25,-11,-25,11
33,19,17,31,24,-11,-24,11
32,19,18,31,23,-11,-23,11
31,19,19,31,22,-11,-22,11
30,19,20,31,21,-11,-21,11
29,19,21,31,20,-11,-20,11
28,19,22,31,19,-11,-19,11
27,19,23,31,18,-11,-18,11
26,19,24,31,17,-11,-17,11
25,19,25,31,16,-11,-16,11
24,19,26,31,15,-11,-15,11
23,19,27,31,14,-11,-14,11
22,19,28,31,13,-11,-13,11
21,19,29,31,12,-11,-12,11
20,19,30,31,11,-11,-11,11
19,19,31,31,10,-11,-10,11
18,19,32,31,9,-11,-9,11
17,19,33,31,8,-11,-8,11
16,19,34,31,7,-11,-7,11
15,19,35,31,6,-11,-6,11
14,19,36,31,5,-11,-5,11
13,19,37,31,4,-11,-4,11
12,19,38,31,3,-11,-3,11
11,19,39,31,2,-11,-2,11
10,19,40,31,1,-11,-1,11
9,19,41,31,0,-11,0,11
9,20,41,30,0,-10,0,10
9,21,41,29,0,-9,0,9
9,22,41,28,0,-8,0,8
9,23,41,27,0,-7,0,7
9,24,41,26,0,-6,0,6
9,25,41,25,0,-5,0,5
9,26,41,24,0,-4,0,4
9,27,41,23,0,-3,0,3
9,28,41,22,0,-2,0,2
9,29,41,21,0,-1,0,1
9,30,41,20,1,-16,-1,16
9,31,41,19,1,-15,-1,15
9,32,41,18,1,-14,-1,14
9,33,41,17,1,-13,-1,13
9,34,41,16,1,-12,-1,12
9,35,41,15,1,-11,-1,11
9,36,41,14,1,-10,-1,10
9,37,41,13,1,-9,-1,9
9,38,41,12,1,-8,-1,8
9,39,41,11,1,-7,-1,7
9,40,41,10,1,-6,-1,6
9,41,41,9,1,-5,-1,5
9,42,41,8,1,-4,-1,4
9,43,41,7,1,-3,-1,3
9,44,41,6,1,-2,-1,2
9,45,41,5,1,-1,-1,1
9,46,41,4,1,0,-1,0
8,46,42,4,6,24,-6,-24
7,46,43,4,5,24,-5,-24
6,46,44,4,4,24,-4,-24
5,46,45,4,3,24,-3,-24
4,46,46,4,2,24,-2,-24
3,46,47,4,1,24,-1,-24
2,46,48,4,0,24,0,-24
1,46,49,4,-1,24,1,-24
1,45,49,5,-1,23,1,-23
1,44,49,6,-1,22,1,-22
1,43,49,7,-1,21,1,-21
1,42,49,8,-1,20,1,-20
1,41,49,9,-1,19,1,-19
1,40,49,10,-1,18,1,-18
1,39,49,11,-1,17,1,-17
1,38,49,12,-1,16,1,-16
2,38,48,12,0,16,0,-16
2,37,48,13,0,15,0,-15
2,36,48,14,0,14,0,-14
2,35,48,15,0,13,0,-13
2,34,48,16,0,12,0,-12
2,33,48,17,0,11,0,-11
2,32,48,18,0,10,0,-10
2,31,48,19,0,9,0,-9
2,30,48,20,0,8,0,-8
2,29,48,21,0,7,0,-7
2,28,48,22,0,6,0,-6
2,27,48,23,0,5,0,-5
2,26,48,24,0,4,0,-4
2,25,48,25,0,3,0,-3
2,24,48,26,0,2,0,-2
2,23,48,27,0,1,0,-1
2,22,48,28,-28,21,28,-21
2,21,48,29,-28,20,28,-20
2,20,48,30,-28,19,28,-19
2,19,48,31,-28,18,28,-18
2,18,48,32,-28,17,28,-17
2,17,48,33,-28,16,28,-16
2,16,48,34,-28,15,28,-15
2,15,48,35,-28,14,28,-14
2,14,48,36,-28,13,28,-13
2,13,48,37,-28,12,28,-12
2,12,48,38,-28,11,28,-11
2,11,48,39,-28,10,28,-10
2,10,48,40,-28,9,28,-9
2,9,48,41,-28,8,28,-8
2,8,48,42,-28,7,28,-7
2,7,48,43,-28,6,28,-6
2,6,48,44,-28,5,28,-5
2,5,48,45,-28,4,28,-4
2,4,48,46,-28,3,28,-3
2,3,48,47,-28,2,28,-2
2,2,48,48,-28,1,28,-1
2,1,48,49,-28,0,28,0
3,1,47,49,-27,0,27,0
4,1,46,49,-26,0,26,0
5,1,45,49,-25,0,25,0
6,1,44,49,-24,0,24,0
7,1,43,49,-23,0,23,0
8,1,42,49,-22,0,22,0
9,1,41,49,-21,0,21,0
10,1,40,49,-20,0,20,0
11,1,39,49,-19,0,19,0
12,1,38,49,-18,0,18,0
13,1,37,49,-17,0,17,0
14,1,36,49,-16,0,16,0
15,1,35,49,-15,0,15,0
16,1,34,49,-14,0,14,0
17,1,33,49,-13,0,13,0
18,1,32,49,-12,0,12,0
19,1,31,49,-11,0,11,0
20,1,30,49,-10,0,10,0
21,1,29,49,-9,0,9,0
22,1,28,49,-8,0,8,0
23,1,27,49,-7,0,7,0
24,1,26,49,-6,0,6,0
25,1,25,49,-5,0,5,0
26,1,24,49,-4,0,4,0
27,1,23,49,-3,0,3,0
28,1,22,49,-2,0,2,0
29,1,21,49,-1,0,1,0
30,1,20,49,13,-27,-13,27
31,1,19,49,14,-27,-14,27
32,1,18,49,15,-27,-15,27
33,1,17,49,16,-27,-16,27
33,2,17,48,16,-26,-16,26
33,3,17,47,16,-25,-16,25
33,4,17,46,16,-24,-16,24
33,5,17,45,16,-23,-16,23
33,6,17,44,16,-22,-16,22
33,7,17,43,16,-21,-16,21
33,8,17,42,16,-20,-16,20
33,9,17,41,16,-19,-16,19
33,10,17,40,16,-18,-16,18
33,11,17,39,16,-17,-16,17
33,12,17,38,16,-16,-16,16
33,13,17,37,16,-15,-16,15
33,14,17,36,16,-14,-16,14
33,15,17,35,16,-13,-16,13
33,16,17,34,16,-12,-16,12
33,17,17,33,16,-11,-16,11
33,18,17,32,16,-10,-16,10
33,19,17,31,16,-9,-16,9
33,20,17,30,16,-8,-16,8
33,21,17,29,16,-7,-16,7
33,22,17,28,16,-6,-16,6
33,23,17,27,16,-5,-16,5
33,24,17,26,16,-4,-16,4
33,25,17,25,16,-3,-16,3
33,26,17,24,16,-2,-16,2
33,27,17,23,16,-1,-16,1
33,28,17,22,16,0,-16,0
33,29,17,21,16,1,-16,-1
32,29,18,21,15,1,-15,-1
31,29,19,21,14,1,-14,-1
30,29,20,21,13,1,-13,-1
29,29,21,21,12,1,-12,-1
28,29,22,21,11,1,-11,-1
27,29,23,21,10,1,-10,-1
26,29,24,21,9,1,-9,-1
25,29,25,21,8,1,-8,-1
25,28,25,22,8,0,-8,0
24,28,26,22,7,0,-7,0
23,28,27,22,6,0,-6,0
22,28,28,22,5,0,-5,0
21,28,29,22,4,0,-4,0
20,28,30,22,3,0,-3,0
19,28,31,22,2,0,-2,0
18,28,32,22,1,0,-1,0
17,28,33,22,5,-11,-5,11
16,28,34,22,4,-11,-4,11
15,28,35,22,3,-11,-3,11
14,28,36,22,2,-11,-2,11
13,28,37,22,1,-11,-1,11
12,28,38,22,0,-11,0,11
12,29,38,21,0,-10,0,10
12,30,38,20,0,-9,0,9
12,31,38,19,0,-8,0,8
12,32,38,18,0,-7,0,7
12,33,38,17,0,-6,0,6
12,34,38,16,0,-5,0,5
12,35,38,15,0,-4,0,4
12,36,38,14,0,-3,0,3
12,37,38,13,0,-2,0,2
12,38,38,12,0,-1,0,1
12,39,38,11,-3,14,3,-14
12,40,38,10,-3,15,3,-15
12,41,38,9,-3,16,3,-16
12,42,38,8,-3,17,3,-17
13,42,37,8,-2,17,2,-17
14,42,36,8,-1,17,1,-17
15,42,35,8,0,17,0,-17
15,41,35,9,0,16,0,-16
15,40,35,10,0,15,0,-15
15,39,35,11,0,14,0,-14
15,38,35,12,0,13,0,-13
15,37,35,13,0,12,0,-12
15,36,35,14,0,11,0,-11
15,35,35,15,0,10,0,-10
15,34,35,16,0,9,0,-9
15,33,35,17,0,8,0,-8
15,32,35,18,0,7,0,-7
15,31,35,19,0,6,0,-6
15,30,35,20,0,5,0,-5
15,29,35,21,0,4,0,-4
15,28,35,22,0,3,0,-3
15,27,35,23,0,2,0,-2
15,26,35,24,0,1,0,-1
15,25,35,25,-8,25,8,-25
15,24,35,26,-8,24,8,-24
15,23,35,27,-8,23,8,-23
15,22,35,28,-8,22,8,-22
15,21,35,29,-8,21,8,-21
15,20,35,30,-8,20,8,-20
15,19,35,31,-8,19,8,-19
15,18,35,32,-8,18,8,-18
15,17,35,33,-8,17,8,-17
15,16,35,34,-8,16,8,-16
15,15,35,35,-8,15,8,-15
15,14,35,36,-8,14,8,-14
15,13,35,37,-8,13,8,-13
15,12,35,38,-8,12,8,-12
15,11,35,39,-8,11,8,-11
15,10,35,40,-8,10,8,-10
15,9,35,41,-8,9,8,-9
15,8,35,42,-8,8,8,-8
15,7,35,43,-8,7,8,-7
15,6,35,44,-8,6,8,-6
15,5,35,45,-8,5,8,-5
15,4,35,46,-8,4,8,-4
15,3,35,47,-8,3,8,-3
15,2,35,48,-8,2,8,-2
15,1,35,49,-8,1,8,-1
16,1,34,49,-7,1,7,-1
17,1,33,49,-6,1,6,-1
18,1,32,49,-5,1,5,-1
19,1,31,49,-4,1,4,-1
20,1,30,49,-3,1,3,-1
20,0,30,50,-3,0,3,0
21,0,29,50,-2,0,2,0
22,0,28,50,-1,0,1,0
23,0,27,50,0,-20,0,20
24,0,26,50,1,-20,-1,20
25,0,25,50,2,-20,-2,20
26,0,24,50,3,-20,-3,20
26,1,24,49,3,-19,-3,19
26,2,24,48,3,-18,-3,18
26,3,24,47,3,-17,-3,17
26,4,24,46,3,-16,-3,16
26,5,24,45,3,-15,-3,15
25,5,25,45,2,-15,-2,15
24,5,26,45,1,-15,-1,15
23,5,27,45,0,-15,0,15
23,6,27,44,0,-14,0,14
23,7,27,43,0,-13,0,13
23,8,27,42,0,-12,0,12
23,9,27,41,0,-11,0,11
23,10,27,40,0,-10,0,10
23,11,27,39,0,-9,0,9
23,12,27,38,0,-8,0,8
23,13,27,37,0,-7,0,7
23,14,27,36,0,-6,0,6
23,15,27,35,0,-5,0,5
23,16,27,34,0,-4,0,4
23,17,27,33,0,-3,0,3
23,18,27,32,0,-2,0,2
23,19,27,31,0,-1,0,1
23,20,27,30,-10,18,10,-18
23,21,27,29,-10,19,10,-19
23,22,27,28,-10,20,10,-20
23,23,27,27,-10,21,10,-21
23,24,27,26,-10,22,10,-22
24,24,26,26,-9,22,9,-22
25,24,25,26,-8,22,8,-22
26,24,24,26,-7,22,7,-22
27,24,23,26,-6,22,6,-22
28,24,22,26,-5,22,5,-22
29,24,21,26,-4,22,4,-22
30,24,20,26,-3,22,3,-22
31,24,19,26,-2,22,2,-22
32,24,18,26,-1,22,1,-22
33,24,17,26,0,22,0,-22
33,23,17,27,0,21,0,-21
33,22,17,28,0,20,0,-20
33,21,17,29,0,19,0,-19
33,20,17,30,0,18,0,-18
33,19,17,31,0,17,0,-17
33,18,17,32,0,16,0,-16
33,17,17,33,0,15,0,-15
33,16,17,34,0,14,0,-14
33,15,17,35,0,13,0,-13
33,14,17,36,0,12,0,-12
33,13,17,37,0,11,0,-11
33,12,17,38,0,10,0,-10
33,11,17,39,0,9,0,-9
33,10,17,40,0,8,0,-8
33,9,17,41,0,7,0,-7
33,8,17,42,0,6,0,-6
33,7,17,43,0,5,0,-5
33,6,17,44,0,4,0,-4
33,5,17,45,0,3,0,-3
33,4,17,46,0,2,0,-2
33,3,17,47,0,1,0,-1
33,2,17,48,-12,-30,12,30
33,1,17,49,-12,-31,12,31
33,0,17,50,-12,-32,12,32
33,-1,17,51,-12,-33,12,33
34,-1,16,51,-11,-33,11,33
35,-1,15,51,-10,-33,10,33
36,-1,14,51,-9,-33,9,33
37,-1,13,51,-8,-33,8,33
38,-1,12,51,-7,-33,7,33
39,-1,11,51,-6,-33,6,33
40,-1,10,51,-5,-33,5,33
41,-1,9,51,-4,-33,4,33
42,-1,8,51,-3,-33,3,33
43,-1,7,51,-2,-33,2,33
44,-1,6,51,-1,-33,1,33
45,-1,5,51,0,-33,0,33
45,0,5,50,0,-32,0,32
45,1,5,49,0,-31,0,31
45,2,5,48,0,-30,0,30
45,3,5,47,0,-29,0,29
45,4,5,46,0,-28,0,28
45,5,5,45,0,-27,0,27
45,6,5,44,0,-26,0,26
45,7,5,43,0,-25,0,25
45,8,5,42,0,-24,0,24
45,9,5,41,0,-23,0,23
45,10,5,40,0,-22,0,22
45,11,5,39,0,-21,0,21
45,12,5,38,0,-20,0,20
45,13,5,37,0,-19,0,19
45,14,5,36,0,-18,0,18
45,15,5,35,0,-17,0,17
45,16,5,34,0,-16,0,16
45,17,5,33,0,-15,0,15
45,18,5,32,0,-14,0,14
45,19,5,31,0,-13,0,13
45,20,5,30,0,-12,0,12
45,21,5,29,0,-11,0,11
45,22,5,28,0,-10,0,10
45,23,5,27,0,-9,0,9
45,24,5,26,0,-8,0,8
45,25,5,25,0,-7,0,7
45,26,5,24,0,-6,0,6
45,27,5,23,0,-5,0,5
45,28,5,22,0,-4,0,4
45,29,5,21,0,-3,0,3
45,30,5,20,0,-2,0,2
45,31,5,19,0,-1,0,1
45,32,5,18,-3,-3,3,3
45,33,5,17,-3,-2,3,2
45,34,5,16,-3,-1,3,1
45,35,5,15,-3,0,3,0
45,36,5,14,-3,1,3,-1
45,37,5,13,-3,2,3,-2
45,38,5,12,-3,3,3,-3
45,39,5,11,-3,4,3,-4
45,40,5,10,-3,5,3,-5
45,41,5,9,-3,6,3,-6
45,42,5,8,-3,7,3,-7
45,43,5,7,-3,8,3,-8
46,43,4,7,-2,8,2,-8
47,43,3,7,-1,8,1,-8
48,43,2,7,0,8,0,-8
48,42,2,8,0,7,0,-7
48,41,2,9,0,6,0,-6
48,40,2,10,0,5,0,-5
48,39,2,11,0,4,0,-4
48,38,2,12,0,3,0,-3
48,37,2,13,0,2,0,-2
48,36,2,14,0,1,0,-1
48,35,2,15,18,31,-18,-31
48,34,2,16,18,30,-18,-30
48,33,2,17,18,29,-18,-29
48,32,2,18,18,28,-18,-28
48,31,2,19,18,27,-18,-27
48,30,2,20,18,26,-18,-26
48,29,2,21,18,25,-18,-25
48,28,2,22,18,24,-18,-24
48,27,2,23,18,23,-18,-23
48,26,2,24,18,22,-18,-22
48,25,2,25,18,21,-18,-21
48,24,2,26,18,20,-18,-20
48,23,2,27,18,19,-18,-19
48,22,2,28,18,18,-18,-18
48,21,2,29,18,17,-18,-17
48,20,2,30,18,16,-18,-16
48,19,2,31,18,15,-18,-15
48,18,2,32,18,14,-18,-14
48,17,2,33,18,13,-18,-13
48,16,2,34,18,12,-18,-12
48,15,2,35,18,11,-18,-11
48,14,2,36,18,10,-18,-10
48,13,2,37,18,9,-18,-9
48,12,2,38,18,8,-18,-8
48,11,2,39,18,7,-18,-7
48,10,2,40,18,6,-18,-6
48,9,2,41,18,5,-18,-5
48,8,2,42,18,4,-18,-4
48,7,2,43,18,3,-18,-3
48,6,2,44,18,2,-18,-2
48,5,2,45,18,1,-18,-1
47,5,3,45,17,1,-17,-1
46,5,4,45,16,1,-16,-1
45,5,5,45,15,1,-15,-1
44,5,6,45,14,1,-14,-1
43,5,7,45,13,1,-13,-1
43,4,7,46,13,0,-13,0
42,4,8,46,12,0,-12,0
41,4,9,46,11,0,-11,0
40,4,10,46,10,0,-10,0
39,4,11,46,9,0,-9,0
38,4,12,46,8,0,-8,0
37,4,13,46,7,0,-7,0
36,4,14,46,6,0,-6,0
35,4,15,46,5,0,-5,0
34,4,16,46,4,0,-4,0
33,4,17,46,3,0,-3,0
32,4,18,46,2,0,-2,0
31,4,19,46,1,0,-1,0
30,4,20,46,30,-28,-30,28
29,4,21,46,29,-28,-29,28
28,4,22,46,28,-28,-28,28
27,4,23,46,27,-28,-27,28
26,4,24,46,26,-28,-26,28
25,4,25,46,25,-28,-25,28
24,4,26,46,24,-28,-24,28
23,4,27,46,23,-28,-23,28
22,4,28,46,22,-28,-22,28
21,4,29,46,21,-28,-21,28
20,4,30,46,20,-28,-20,28
19,4,31,46,19,-28,-19,28
18,4,32,46,18,-28,-18,28
17,4,33,46,17,-28,-17,28
16,4,34,46,16,-28,-16,28
15,4,35,46,15,-28,-15,28
14,4,36,46,14,-28,-14,28
13,4,37,46,13,-28,-13,28
12,4,38,46,12,-28,-12,28
11,4,39,46,11,-28,-11,28
10,4,40,46,10,-28,-10,28
9,4,41,46,9,-28,-9,28
8,4,42,46,8,-28,-8,28
7,4,43,46,7,-28,-7,28
6,4,44,46,6,-28,-6,28
5,4,45,46,5,-28,-5,28
4,4,46,46,4,-28,-4,28
3,4,47,46,3,-28,-3,28
2,4,48,46,2,-28,-2,28
1,4,49,46,1,-28,-1,28
0,4,50,46,0,-28,0,28
0,5,50,45,0,-27,0,27
0,6,50,44,0,-26,0,26
0,7,50,43,0,-25,0,25
0,8,50,42,0,-24,0,24
0,9,50,41,0,-23,0,23
0,10,50,40,0,-22,0,22
0,11,50,39,0,-21,0,21
0,12,50,38,0,-20,0,20
0,13,50,37,0,-19,0,19
0,14,50,36,0,-18,0,18
0,15,50,35,0,-17,0,17
0,16,50,34,0,-16,0,16
0,17,50,33,0,-15,0,15
0,18,50,32,0,-14,0,14
0,19,50,31,0,-13,0,13
0,20,50,30,0,-12,0,12
0,21,50,29,0,-11,0,11
0,22,50,28,0,-10,0,10
0,23,50,27,0,-9,0,9
0,24,50,26,0,-8,0,8
0,25,50,25,0,-7,0,7
0,26,50,24,0,-6,0,6
0,27,50,23,0,-5,0,5
0,28,50,22,0,-4,0,4
0,29,50,21,0,-3,0,3
0,30,50,20,0,-2,0,2
0,31,50,19,0,-1,0,1
0,32,50,18,-33,14,33,-14
0,33,50,17,-33,15,33,-15
0,34,50,16,-33,16,33,-16
0,35,50,15,-33,17,33,-17
0,36,50,14,-33,18,33,-18
1,36,49,14,-32,18,32,-18
2,36,48,14,-31,18,31,-18
3,36,47,14,-30,18,30,-18
4,36,46,14,-29,18,29,-18
5,36,45,14,-28,18,28,-18
6,36,44,14,-27,18,27,-18
7,36,43,14,-26,18,26,-18
8,36,42,14,-25,18,25,-18
9,36,41,14,-24,18,24,-18
10,36,40,14,-23,18,23,-18
11,36,39,14,-22,18,22,-18
12,36,38,14,-21,18,21,-18
13,36,37,14,-20,18,20,-18
14,36,36,14,-19,18,19,-18
15,36,35,14,-18,18,18,-18
16,36,34,14,-17,18,17,-18
17,36,33,14,-16,18,16,-18
18,36,32,14,-15,18,15,-18
19,36,31,14,-14,18,14,-18
20,36,30,14,-13,18,13,-18
21,36,29,14,-12,18,12,-18
22,36,28,14,-11,18,11,-18
23,36,27,14,-10,18,10,-18
24,36,26,14,-9,18,9,-18
25,36,25,14,-8,18,8,-18
26,36,24,14,-7,18,7,-18
27,36,23,14,-6,18,6,-18
28,36,22,14,-5,18,5,-18
29,36,21,14,-4,18,4,-18
30,36,20,14,-3,18,3,-18
31,36,19,14,-2,18,2,-18
32,36,18,14,-1,18,1,-18
33,36,17,14,0,18,0,-18
33,35,17,15,0,17,0,-17
33,34,17,16,0,16,0,-16
33,33,17,17,0,15,0,-15
33,32,17,18,0,14,0,-14
33,31,17,19,0,13,0,-13
33,30,17,20,0,12,0,-12
33,29,17,21,0,11,0,-11
33,28,17,22,0,10,0,-10
33,27,17,23,0,9,0,-9
33,26,17,24,0,8,0,-8
33,25,17,25,0,7,0,-7
33,24,17,26,0,6,0,-6
33,23,17,27,0,5,0,-5
33,22,17,28,0,4,0,-4
33,21,17,29,0,3,0,-3
33,20,17,30,0,2,0,-2
33,19,17,31,0,1,0,-1
33,18,17,32,7,-30,-7,30
33,17,17,33,7,-31,-7,31
33,16,17,34,7,-32,-7,32
33,15,17,35,7,-33,-7,33
32,15,18,35,6,-33,-6,33
31,15,19,35,5,-33,-5,33
30,15,20,35,4,-33,-4,33
29,15,21,35,3,-33,-3,33
28,15,22,35,2,-33,-2,33
27,15,23,35,1,-33,-1,33
26,15,24,35,0,-33,0,33
26,16,24,34,0,-32,0,32
26,17,24,33,0,-31,0,31
26,18,24,32,0,-30,0,30
26,19,24,31,0,-29,0,29
26,20,24,30,0,-28,0,28
26,21,24,29,0,-27,0,27
26,22,24,28,0,-26,0,26
26,23,24,27,0,-25,0,25
26,24,24,26,0,-24,0,24
26,25,24,25,0,-23,0,23
26,26,24,24,0,-22,0,22
26,27,24,23,0,-21,0,21
26,28,24,22,0,-20,0,20
26,29,24,21,0,-19,0,19
26,30,24,20,0,-18,0,18
26,31,24,19,0,-17,0,17
26,32,24,18,0,-16,0,16
26,33,24,17,0,-15,0,15
26,34,24,16,0,-14,0,14
26,35,24,15,0,-13,0,13
26,36,24,14,0,-12,0,12
26,37,24,13,0,-11,0,11
26,38,24,12,0,-10,0,10
26,39,24,11,0,-9,0,9
26,40,24,10,0,-8,0,8
26,41,24,9,0,-7,0,7
26,42,24,8,0,-6,0,6
26,43,24,7,0,-5,0,5
26,44,24,6,0,-4,0,4
26,45,24,5,0,-3,0,3
26,46,24,4,0,-2,0,2
26,47,24,3,0,-1,0,1
26,48,24,2,17,31,-17,-31
27,48,23,2,18,31,-18,-31
28,48,22,2,19,31,-19,-31
29,48,21,2,20,31,-20,-31
30,48,20,2,21,31,-21,-31
31,48,19,2,22,31,-22,-31
31,47,19,3,22,30,-22,-30
31,46,19,4,22,29,-22,-29
31,45,19,5,22,28,-22,-28
31,44,19,6,22,27,-22,-27
31,43,19,7,22,26,-22,-26
31,42,19,8,22,25,-22,-25
31,41,19,9,22,24,-22,-24
31,40,19,10,22,23,-22,-23
31,39,19,11,22,22,-22,-22
31,38,19,12,22,21,-22,-21
31,37,19,13,22,20,-22,-20
31,36,19,14,22,19,-22,-19
31,35,19,15,22,18,-22,-18
31,34,19,16,22,17,-22,-17
31,33,19,17,22,16,-22,-16
31,32,19,18,22,15,-22,-15
31,31,19,19,22,14,-22,-14
31,30,19,20,22,13,-22,-13
31,29,19,21,22,12,-22,-12
31,28,19,22,22,11,-22,-11
31,27,19,23,22,10,-22,-10
31,26,19,24,22,9,-22,-9
31,25,19,25,22,8,-22,-8
31,24,19,26,22,7,-22,-7
31,23,19,27,22,6,-22,-6
31,22,19,28,22,5,-22,-5
31,21,19,29,22,4,-22,-4
31,20,19,30,22,3,-22,-3
31,19,19,31,22,2,-22,-2
31,18,19,32,22,1,-22,-1
31,17,19,33,22,0,-22,0
30,17,20,33,21,0,-21,0
29,17,21,33,20,0,-20,0
28,17,22,33,19,0,-19,0
27,17,23,33,18,0,-18,0
26,17,24,33,17,0,-17,0
25,17,25,33,16,0,-16,0
24,17,26,33,15,0,-15,0
23,17,27,33,14,0,-14,0
22,17,28,33,13,0,-13,0
21,17,29,33,12,0,-12,0
20,17,30,33,11,0,-11,0
19,17,31,33,10,0,-10,0
18,17,32,33,9,0,-9,0
17,17,33,33,8,0,-8,0
16,17,34,33,7,0,-7,0
15,17,35,33,6,0,-6,0
14,17,36,33,5,0,-5,0
13,17,37,33,4,0,-4,0
12,17,38,33,3,0,-3,0
11,17,39,33,2,0,-2,0
10,17,40,33,1,0,-1,0
9,17,41,33,-12,-11,12,11
8,17,42,33,-13,-11,13,11
7,17,43,33,-14,-11,14,11
6,17,44,33,-15,-11,15,11
6,18,44,32,-15,-10,15,10
6,19,44,31,-15,-9,15,9
6,20,44,30,-15,-8,15,8
6,21,44,29,-15,-7,15,7
6,22,44,28,-15,-6,15,6
6,23,44,27,-15,-5,15,5
6,24,44,26,-15,-4,15,4
6,25,44,25,-15,-3,15,3
6,26,44,24,-15,-2,15,2
6,27,44,23,-15,-1,15,1
6,28,44,22,-15,0,15,0
7,28,43,22,-14,0,14,0
8,28,42,22,-13,0,13,0
9,28,41,22,-12,0,12,0
10,28,40,22,-11,0,11,0
11,28,39,22,-10,0,10,0
12,28,38,22,-9,0,9,0
13,28,37,22,-8,0,8,0
14,28,36,22,-7,0,7,0
15,28,35,22,-6,0,6,0
16,28,34,22,-5,0,5,0
17,28,33,22,-4,0,4,0
18,28,32,22,-3,0,3,0
19,28,31,22,-2,0,2,0
20,28,30,22,-1,0,1,0
21,28,29,22,-18,-11,18,11
22,28,28,22,-17,-11,17,11
23,28,27,22,-16,-11,16,11
24,28,26,22,-15,-11,15,11
25,28,25,22,-14,-11,14,11
26,28,24,22,-13,-11,13,11
27,28,23,22,-12,-11,12,11
28,28,22,22,-11,-11,11,11
29,28,21,22,-10,-11,10,11
30,28,20,22,-9,-11,9,11
31,28,19,22,-8,-11,8,11
32,28,18,22,-7,-11,7,11
33,28,17,22,-6,-11,6,11
34,28,16,22,-5,-11,5,11
35,28,15,22,-4,-11,4,11
36,28,14,22,-3,-11,3,11
37,28,13,22,-2,-11,2,11
38,28,12,22,-1,-11,1,11
39,28,11,22,0,-11,0,11
40,28,10,22,1,-11,-1,11
40,29,10,21,1,-10,-1,10
40,30,10,20,1,-9,-1,9
40,31,10,19,1,-8,-1,8
40,32,10,18,1,-7,-1,7
40,33,10,17,1,-6,-1,6
40,34,10,16,1,-5,-1,5
40,35,10,15,1,-4,-1,4
40,36,10,14,1,-3,-1,3
39,36,11,14,0,-3,0,3
39,37,11,13,0,-2,0,2
39,38,11,12,0,-1,0,1
39,39,11,11,11,1,-11,-1
39,40,11,10,11,2,-11,-2
39,41,11,9,11,3,-11,-3
39,42,11,8,11,4,-11,-4
38,42,12,8,10,4,-10,-4
37,42,13,8,9,4,-9,-4
36,42,14,8,8,4,-8,-4
35,42,15,8,7,4,-7,-4
34,42,16,8,6,4,-6,-4
33,42,17,8,5,4,-5,-4
32,42,18,8,4,4,-4,-4
31,42,19,8,3,4,-3,-4
30,42,20,8,2,4,-2,-4
29,42,21,8,1,4,-1,-4
28,42,22,8,0,4,0,-4
28,41,22,9,0,3,0,-3
28,40,22,10,0,2,0,-2
28,39,22,11,0,1,0,-1
28,38,22,12,23,38,-23,-38
28,37,22,13,23,37,-23,-37
28,36,22,14,23,36,-23,-36
28,35,22,15,23,35,-23,-35
28,34,22,16,23,34,-23,-34
28,33,22,17,23,33,-23,-33
28,32,22,18,23,32,-23,-32
28,31,22,19,23,31,-23,-31
28,30,22,20,23,30,-23,-30
28,29,22,21,23,29,-23,-29
28,28,22,22,23,28,-23,-28
28,27,22,23,23,27,-23,-27
28,26,22,24,23,26,-23,-26
28,25,22,25,23,25,-23,-25
28,24,22,26,23,24,-23,-24
28,23,22,27,23,23,-23,-23
28,22,22,28,23,22,-23,-22
28,21,22,29,23,21,-23,-21
28,20,22,30,23,20,-23,-20
28,19,22,31,23,19,-23,-19
28,18,22,32,23,18,-23,-18
28,17,22,33,23,17,-23,-17
28,16,22,34,23,16,-23,-16
28,15,22,35,23,15,-23,-15
28,14,22,36,23,14,-23,-14
28,13,22,37,23,13,-23,-13
28,12,22,38,23,12,-23,-12
28,11,22,39,23,11,-23,-11
28,10,22,40,23,10,-23,-10
28,9,22,41,23,9,-23,-9
28,8,22,42,23,8,-23,-8
28,7,22,43,23,7,-23,-7
28,6,22,44,23,6,-23,-6
28,5,22,45,23,5,-23,-5
28,4,22,46,23,4,-23,-4
28,3,22,47,23,3,-23,-3
28,2,22,48,23,2,-23,-2
28,1,22,49,23,1,-23,-1
28,0,22,50,23,0,-23,0
27,0,23,50,22,0,-22,0
26,0,24,50,21,0,-21,0
25,0,25,50,20,0,-20,0
24,0,26,50,19,0,-19,0
23,0,27,50,18,0,-18,0
22,0,28,50,17,0,-17,0
21,0,29,50,16,0,-16,0
20,0,30,50,15,0,-15,0
19,0,31,50,14,0,-14,0
18,0,32,50,13,0,-13,0
17,0,33,50,12,0,-12,0
16,0,34,50,11,0,-11,0
15,0,35,50,10,0,-10,0
14,0,36,50,9,0,-9,0
13,0,37,50,8,0,-8,0
12,0,38,50,7,0,-7,0
11,0,39,50,6,0,-6,0
10,0,40,50,5,0,-5,0
9,0,41,50,4,0,-4,0
8,0,42,50,3,0,-3,0
7,0,43,50,2,0,-2,0
6,0,44,50,1,0,-1,0
5,0,45,50,-40,-42,40,42
4,0,46,50,-41,-42,41,42
4,1,46,49,-41,-41,41,41
4,2,46,48,-41,-40,41,40
4,3,46,47,-41,-39,41,39
4,4,46,46,-41,-38,41,38
4,5,46,45,-41,-37,41,37
4,6,46,44,-41,-36,41,36
4,7,46,43,-41,-35,41,35
4,8,46,42,-41,-34,41,34
4,9,46,41,-41,-33,41,33
4,10,46,40,-41,-32,41,32
4,11,46,39,-41,-31,41,31
4,12,46,38,-41,-30,41,30
4,13,46,37,-41,-29,41,29
4,14,46,36,-41,-28,41,28
4,15,46,35,-41,-27,41,27
4,16,46,34,-41,-26,41,26
4,17,46,33,-41,-25,41,25
4,18,46,32,-41,-24,41,24
4,19,46,31,-41,-23,41,23
4,20,46,30,-41,-22,41,22
4,21,46,29,-41,-21,41,21
4,22,46,28,-41,-20,41,20
4,23,46,27,-41,-19,41,19
4,24,46,26,-41,-18,41,18
4,25,46,25,-41,-17,41,17
4,26,46,24,-41,-16,41,16
4,27,46,23,-41,-15,41,15
4,28,46,22,-41,-14,41,14
4,29,46,21,-41,-13,41,13
4,30,46,20,-41,-12,41,12
4,31,46,19,-41,-11,41,11
4,32,46,18,-41,-10,41,10
4,33,46,17,-41,-9,41,9
4,34,46,16,-41,-8,41,8
4,35,46,15,-41,-7,41,7
4,36,46,14,-41,-6,41,6
4,37,46,13,-41,-5,41,5
4,38,46,12,-41,-4,41,4
4,39,46,11,-41,-3,41,3
4,40,46,10,-41,-2,41,2
4,41,46,9,-41,-1,41,1
4,42,46,8,-41,0,41,0
4,43,46,7,-41,1,41,-1
5,43,45,7,-40,1,40,-1
6,43,44,7,-39,1,39,-1
7,43,43,7,-38,1,38,-1
8,43,42,7,-37,1,37,-1
9,43,41,7,-36,1,36,-1
10,43,40,7,-35,1,35,-1
11,43,39,7,-34,1,34,-1
12,43,38,7,-33,1,33,-1
13,43,37,7,-32,1,32,-1
14,43,36,7,-31,1,31,-1
15,43,35,7,-30,1,30,-1
16,43,34,7,-29,1,29,-1
17,43,33,7,-28,1,28,-1
18,43,32,7,-27,1,27,-1
19,43,31,7,-26,1,26,-1
20,43,30,7,-25,1,25,-1
21,43,29,7,-24,1,24,-1
22,43,28,7,-23,1,23,-1
23,43,27,7,-22,1,22,-1
24,43,26,7,-21,1,21,-1
25,43,25,7,-20,1,20,-1
26,43,24,7,-19,1,19,-1
27,43,23,7,-18,1,18,-1
28,43,22,7,-17,1,17,-1
29,43,21,7,-16,1,16,-1
30,43,20,7,-15,1,15,-1
31,43,19,7,-14,1,14,-1
32,43,18,7,-13,1,13,-1
33,43,17,7,-12,1,12,-1
34,43,16,7,-11,1,11,-1
35,43,15,7,-10,1,10,-1
36,43,14,7,-9,1,9,-1
37,43,13,7,-8,1,8,-1
38,43,12,7,-7,1,7,-1
38,42,12,8,-7,0,7,0
39,42,11,8,-6,0,6,0
40,42,10,8,-5,0,5,0
41,42,9,8,-4,0,4,0
42,42,8,8,-3,0,3,0
43,42,7,8,-2,0,2,0
44,42,6,8,-1,0,1,0
45,42,5,8,31,1,-31,-1
45,41,5,9,31,0,-31,0
45,40,5,10,31,-1,-31,1
45,39,5,11,31,-2,-31,2
45,38,5,12,31,-3,-31,3
45,37,5,13,31,-4,-31,4
44,37,6,13,30,-4,-30,4
43,37,7,13,29,-4,-29,4
42,37,8,13,28,-4,-28,4
41,37,9,13,27,-4,-27,4
40,37,10,13,26,-4,-26,4
39,37,11,13,25,-4,-25,4
38,37,12,13,24,-4,-24,4
37,37,13,13,23,-4,-23,4
36,37,14,13,22,-4,-22,4
35,37,15,13,21,-4,-21,4
34,37,16,13,20,-4,-20,4
33,37,17,13,19,-4,-19,4
32,37,18,13,18,-4,-18,4
31,37,19,13,17,-4,-17,4
30,37,20,13,16,-4,-16,4
30,38,20,12,16,-3,-16,3
30,39,20,11,16,-2,-16,2
30,40,20,10,16,-1,-16,1
30,41,20,9,16,0,-16,0
29,41,21,9,15,0,-15,0
28,41,22,9,14,0,-14,0
27,41,23,9,13,0,-13,0
26,41,24,9,12,0,-12,0
25,41,25,9,11,0,-11,0
24,41,26,9,10,0,-10,0
23,41,27,9,9,0,-9,0
22,41,28,9,8,0,-8,0
21,41,29,9,7,0,-7,0
20,41,30,9,6,0,-6,0
19,41,31,9,5,0,-5,0
18,41,32,9,4,0,-4,0
17,41,33,9,3,0,-3,0
16,41,34,9,2,0,-2,0
15,41,35,9,1,0,-1,0
14,41,36,9,-4,-5,4,5
13,41,37,9,-5,-5,5,5
12,41,38,9,-6,-5,6,5
11,41,39,9,-7,-5,7,5
10,41,40,9,-8,-5,8,5
10,42,40,8,-8,-4,8,4
10,43,40,7,-8,-3,8,3
10,44,40,6,-8,-2,8,2
10,45,40,5,-8,-1,8,1
10,46,40,4,-8,0,8,0
11,46,39,4,-7,0,7,0
12,46,38,4,-6,0,6,0
13,46,37,4,-5,0,5,0
14,46,36,4,-4,0,4,0
15,46,35,4,-3,0,3,0
16,46,34,4,-2,0,2,0
17,46,33,4,-1,0,1,0
18,46,32,4,-24,40,24,-40
19,46,31,4,-23,40,23,-40
20,46,30,4,-22,40,22,-40
21,46,29,4,-21,40,21,-40
22,46,28,4,-20,40,20,-40
23,46,27,4,-19,40,19,-40
24,46,26,4,-18,40,18,-40
25,46,25,4,-17,40,17,-40
26,46,24,4,-16,40,16,-40
27,46,23,4,-15,40,15,-40
28,46,22,4,-14,40,14,-40
29,46,21,4,-13,40,13,-40
30,46,20,4,-12,40,12,-40
31,46,19,4,-11,40,11,-40
32,46,18,4,-10,40,10,-40
33,46,17,4,-9,40,9,-40
34,46,16,4,-8,40,8,-40
35,46,15,4,-7,40,7,-40
36,46,14,4,-6,40,6,-40
37,46,13,4,-5,40,5,-40
38,46,12,4,-4,40,4,-40
39,46,11,4,-3,40,3,-40
40,46,10,4,-2,40,2,-40
41,46,9,4,-1,40,1,-40
42,46,8,4,0,40,0,-40
43,46,7,4,1,40,-1,-40
43,45,7,5,1,39,-1,-39
43,44,7,6,1,38,-1,-38
43,43,7,7,1,37,-1,-37
43,42,7,8,1,36,-1,-36
43,41,7,9,1,35,-1,-35
43,40,7,10,1,34,-1,-34
43,39,7,11,1,33,-1,-33
43,38,7,12,1,32,-1,-32
43,37,7,13,1,31,-1,-31
43,36,7,14,1,30,-1,-30
43,35,7,15,1,29,-1,-29
43,34,7,16,1,28,-1,-28
43,33,7,17,1,27,-1,-27
43,32,7,18,1,26,-1,-26
43,31,7,19,1,25,-1,-25
42,31,8,19,0,25,0,-25
42,30,8,20,0,24,0,-24
42,29,8,21,0,23,0,-23
42,28,8,22,0,22,0,-22
42,27,8,23,0,21,0,-21
42,26,8,24,0,20,0,-20
42,25,8,25,0,19,0,-19
42,24,8,26,0,18,0,-18
42,23,8,27,0,17,0,-17
42,22,8,28,0,16,0,-16
42,21,8,29,0,15,0,-15
42,20,8,30,0,14,0,-14
42,19,8,31,0,13,0,-13
42,18,8,32,0,12,0,-12
42,17,8,33,0,11,0,-11
42,16,8,34,0,10,0,-10
42,15,8,35,0,9,0,-9
42,14,8,36,0,8,0,-8
42,13,8,37,0,7,0,-7
42,12,8,38,0,6,0,-6
42,11,8,39,0,5,0,-5
42,10,8,40,0,4,0,-4
42,9,8,41,0,3,0,-3
42,8,8,42,0,2,0,-2
42,7,8,43,0,1,0,-1
42,6,8,44,22,-12,-22,12
42,5,8,45,22,-13,-22,13
42,4,8,46,22,-14,-22,14
42,3,8,47,22,-15,-22,15
41,3,9,47,21,-15,-21,15
40,3,10,47,20,-15,-20,15
39,3,11,47,19,-15,-19,15
38,3,12,47,18,-15,-18,15
37,3,13,47,17,-15,-17,15
36,3,14,47,16,-15,-16,15
35,3,15,47,15,-15,-15,15
34,3,16,47,14,-15,-14,15
33,3,17,47,13,-15,-13,15
32,3,18,47,12,-15,-12,15
31,3,19,47,11,-15,-11,15
30,3,20,47,10,-15,-10,15
29,3,21,47,9,-15,-9,15
28,3,22,47,8,-15,-8,15
27,3,23,47,7,-15,-7,15
26,3,24,47,6,-15,-6,15
25,3,25,47,5,-15,-5,15
24,3,26,47,4,-15,-4,15
23,3,27,47,3,-15,-3,15
22,3,28,47,2,-15,-2,15
21,3,29,47,1,-15,-1,15
20,3,30,47,0,-15,0,15
20,4,30,46,0,-14,0,14
20,5,30,45,0,-13,0,13
20,6,30,44,0,-12,0,12
20,7,30,43,0,-11,0,11
20,8,30,42,0,-10,0,10
20,9,30,41,0,-9,0,9
20,10,30,40,0,-8,0,8
20,11,30,39,0,-7,0,7
20,12,30,38,0,-6,0,6
20,13,30,37,0,-5,0,5
20,14,30,36,0,-4,0,4
20,15,30,35,0,-3,0,3
20,16,30,34,0,-2,0,2
20,17,30,33,0,-1,0,1
20,18,30,32,-7,-17,7,17
20,19,30,31,-7,-16,7,16
20,20,30,30,-7,-15,7,15
20,21,30,29,-7,-14,7,14
20,22,30,28,-7,-13,7,13
20,23,30,27,-7,-12,7,12
20,24,30,26,-7,-11,7,11
20,25,30,25,-7,-10,7,10
20,26,30,24,-7,-9,7,9
20,27,30,23,-7,-8,7,8
20,28,30,22,-7,-7,7,7
20,29,30,21,-7,-6,7,6
20,30,30,20,-7,-5,7,5
20,31,30,19,-7,-4,7,4
20,32,30,18,-7,-3,7,3
20,33,30,17,-7,-2,7,2
20,34,30,16,-7,-1,7,1
20,35,30,15,-7,0,7,0
20,36,30,14,-7,1,7,-1
21,36,29,14,-6,1,6,-1
22,36,28,14,-5,1,5,-1
23,36,27,14,-4,1,4,-1
24,36,26,14,-3,1,3,-1
25,36,25,14,-2,1,2,-1
25,35,25,15,-2,0,2,0
26,35,24,15,-1,0,1,0
27,35,23,15,24,21,-24,-21
28,35,22,15,25,21,-25,-21
29,35,21,15,26,21,-26,-21
30,35,20,15,27,21,-27,-21
30,34,20,16,27,20,-27,-20
30,33,20,17,27,19,-27,-19
30,32,20,18,27,18,-27,-18
30,31,20,19,27,17,-27,-17
30,30,20,20,27,16,-27,-16
30,29,20,21,27,15,-27,-15
30,28,20,22,27,14,-27,-14
30,27,20,23,27,13,-27,-13
30,26,20,24,27,12,-27,-12
30,25,20,25,27,11,-27,-11
30,24,20,26,27,10,-27,-10
30,23,20,27,27,9,-27,-9
30,22,20,28,27,8,-27,-8
30,21,20,29,27,7,-27,-7
30,20,20,30,27,6,-27,-6
30,19,20,31,27,5,-27,-5
30,18,20,32,27,4,-27,-4
30,17,20,33,27,3,-27,-3
30,16,20,34,27,2,-27,-2
30,15,20,35,27,1,-27,-1
30,14,20,36,27,0,-27,0
30,13,20,37,27,-1,-27,1
29,13,21,37,26,-1,-26,1
28,13,22,37,25,-1,-25,1
27,13,23,37,24,-1,-24,1
26,13,24,37,23,-1,-23,1
25,13,25,37,22,-1,-22,1
24,13,26,37,21,-1,-21,1
23,13,27,37,20,-1,-20,1
22,13,28,37,19,-1,-19,1
21,13,29,37,18,-1,-18,1
20,13,30,37,17,-1,-17,1
19,13,31,37,16,-1,-16,1
18,13,32,37,15,-1,-15,1
17,13,33,37,14,-1,-14,1
16,13,34,37,13,-1,-13,1
15,13,35,37,12,-1,-12,1
14,13,36,37,11,-1,-11,1
13,13,37,37,10,-1,-10,1
12,13,38,37,9,-1,-9,1
12,14,38,36,9,0,-9,0
11,14,39,36,8,0,-8,0
10,14,40,36,7,0,-7,0
9,14,41,36,6,0,-6,0
8,14,42,36,5,0,-5,0
7,14,43,36,4,0,-4,0
6,14,44,36,3,0,-3,0
5,14,45,36,2,0,-2,0
4,14,46,36,1,0,-1,0
3,14,47,36,1,-18,-1,18
2,14,48,36,0,-18,0,18
2,15,48,35,0,-17,0,17
2,16,48,34,0,-16,0,16
2,17,48,33,0,-15,0,15
2,18,48,32,0,-14,0,14
2,19,48,31,0,-13,0,13
2,20,48,30,0,-12,0,12
2,21,48,29,0,-11,0,11
2,22,48,28,0,-10,0,10
2,23,48,27,0,-9,0,9
2,24,48,26,0,-8,0,8
2,25,48,25,0,-7,0,7
2,26,48,24,0,-6,0,6
2,27,48,23,0,-5,0,5
2,28,48,22,0,-4,0,4
2,29,48,21,0,-3,0,3
2,30,48,20,0,-2,0,2
2,31,48,19,0,-1,0,1
2,32,48,18,-1,4,1,-4
2,33,48,17,-1,5,1,-5
2,34,48,16,-1,6,1,-6
2,35,48,15,-1,7,1,-7
2,36,48,14,-1,8,1,-8
2,37,48,13,-1,9,1,-9
2,38,48,12,-1,10,1,-10
2,39,48,11,-1,11,1,-11
3,39,47,11,0,11,0,-11
4,39,46,11,1,11,-1,-11
4,38,46,12,1,10,-1,-10
4,37,46,13,1,9,-1,-9
4,36,46,14,1,8,-1,-8
4,35,46,15,1,7,-1,-7
4,34,46,16,1,6,-1,-6
3,34,47,16,0,6,0,-6
3,33,47,17,0,5,0,-5
3,32,47,18,0,4,0,-4
3,31,47,19,0,3,0,-3
3,30,47,20,0,2,0,-2
3,29,47,21,0,1,0,-1
3,28,47,22,-40,-12,40,12
3,27,47,23,-40,-13,40,13
3,26,47,24,-40,-14,40,14
3,25,47,25,-40,-15,40,15
4,25,46,25,-39,-15,39,15
5,25,45,25,-38,-15,38,15
6,25,44,25,-37,-15,37,15
7,25,43,25,-36,-15,36,15
8,25,42,25,-35,-15,35,15
9,25,41,25,-34,-15,34,15
10,25,40,25,-33,-15,33,15
11,25,39,25,-32,-15,32,15
12,25,38,25,-31,-15,31,15
13,25,37,25,-30,-15,30,15
14,25,36,25,-29,-15,29,15
15,25,35,25,-28,-15,28,15
16,25,34,25,-27,-15,27,15
17,25,33,25,-26,-15,26,15
18,25,32,25,-25,-15,25,15
19,25,31,25,-24,-15,24,15
20,25,30,25,-23,-15,23,15
21,25,29,25,-22,-15,22,15
22,25,28,25,-21,-15,21,15
23,25,27,25,-20,-15,20,15
24,25,26,25,-19,-15,19,15
25,25,25,25,-18,-15,18,15
26,25,24,25,-17,-15,17,15
27,25,23,25,-16,-15,16,15
28,25,22,25,-15,-15,15,15
29,25,21,25,-14,-15,14,15
30,25,20,25,-13,-15,13,15
31,25,19,25,-12,-15,12,15
32,25,18,25,-11,-15,11,15
33,25,17,25,-10,-15,10,15
34,25,16,25,-9,-15,9,15
35,25,15,25,-8,-15,8,15
36,25,14,25,-7,-15,7,15
37,25,13,25,-6,-15,6,15
38,25,12,25,-5,-15,5,15
39,25,11,25,-4,-15,4,15
40,25,10,25,-3,-15,3,15
41,25,9,25,-2,-15,2,15
42,25,8,25,-1,-15,1,15
43,25,7,25,0,-15,0,15
44,25,6,25,1,-15,-1,15
44,26,6,24,1,-14,-1,14
44,27,6,23,1,-13,-1,13
44,28,6,22,1,-12,-1,12
44,29,6,21,1,-11,-1,11
44,30,6,20,1,-10,-1,10
44,31,6,19,1,-9,-1,9
44,32,6,18,1,-8,-1,8
43,32,7,18,0,-8,0,8
43,33,7,17,0,-7,0,7
43,34,7,16,0,-6,0,6
43,35,7,15,0,-5,0,5
43,36,7,14,0,-4,0,4
43,37,7,13,0,-3,0,3
43,38,7,12,0,-2,0,2
43,39,7,11,0,-1,0,1
43,40,7,10,0,14,0,-14
43,41,7,9,0,15,0,-15
43,42,7,8,0,16,0,-16
43,43,7,7,0,17,0,-17
43,44,7,6,0,18,0,-18
43,45,7,5,0,19,0,-19
43,46,7,4,0,20,0,-20
42,46,8,4,-1,20,1,-20
42,45,8,5,-1,19,1,-19
42,44,8,6,-1,18,1,-18
42,43,8,7,-1,17,1,-17
42,42,8,8,-1,16,1,-16
42,41,8,9,-1,15,1,-15
42,40,8,10,-1,14,1,-14
42,39,8,11,-1,13,1,-13
42,38,8,12,-1,12,1,-12
42,37,8,13,-1,11,1,-11
42,36,8,14,-1,10,1,-10
42,35,8,15,-1,9,1,-9
42,34,8,16,-1,8,1,-8
42,33,8,17,-1,7,1,-7
42,32,8,18,-1,6,1,-6
42,31,8,19,-1,5,1,-5
42,30,8,20,-1,4,1,-4
43,30,7,20,0,4,0,-4
43,29,7,21,0,3,0,-3
43,28,7,22,0,2,0,-2
43,27,7,23,0,1,0,-1
43,26,7,24,8,7,-8,-7
43,25,7,25,8,6,-8,-6
43,24,7,26,8,5,-8,-5
43,23,7,27,8,4,-8,-4
43,22,7,28,8,3,-8,-3
43,21,7,29,8,2,-8,-2
43,20,7,30,8,1,-8,-1
43,19,7,31,8,0,-8,0
42,19,8,31,7,0,-7,0
41,19,9,31,6,0,-6,0
40,19,10,31,5,0,-5,0
39,19,11,31,4,0,-4,0
38,19,12,31,3,0,-3,0
37,19,13,31,2,0,-2,0
36,19,14,31,1,0,-1,0
35,19,15,31,-9,13,9,-13
34,19,16,31,-10,13,10,-13
33,19,17,31,-11,13,11,-13
32,19,18,31,-12,13,12,-13
31,19,19,31,-13,13,13,-13
30,19,20,31,-14,13,14,-13
29,19,21,31,-15,13,15,-13
29,18,21,32,-15,12,15,-12
29,17,21,33,-15,11,15,-11
29,16,21,34,-15,10,15,-10
29,15,21,35,-15,9,15,-9
29,14,21,36,-15,8,15,-8
29,13,21,37,-15,7,15,-7
29,12,21,38,-15,6,15,-6
29,11,21,39,-15,5,15,-5
29,10,21,40,-15,4,15,-4
29,9,21,41,-15,3,15,-3
29,8,21,42,-15,2,15,-2
29,7,21,43,-15,1,15,-1
29,6,21,44,-15,0,15,0
29,5,21,45,-15,-1,15,1
30,5,20,45,-14,-1,14,1
31,5,19,45,-13,-1,13,1
32,5,18,45,-12,-1,12,1
33,5,17,45,-11,-1,11,1
34,5,16,45,-10,-1,10,1
34,6,16,44,-10,0,10,0
35,6,15,44,-9,0,9,0
36,6,14,44,-8,0,8,0
37,6,13,44,-7,0,7,0
38,6,12,44,-6,0,6,0
39,6,11,44,-5,0,5,0
40,6,10,44,-4,0,4,0
41,6,9,44,-3,0,3,0
42,6,8,44,-2,0,2,0
43,6,7,44,-1,0,1,0
44,6,6,44,35,-38,-35,38
45,6,5,44,36,-38,-36,38
45,7,5,43,36,-37,-36,37
45,8,5,42,36,-36,-36,36
45,9,5,41,36,-35,-36,35
45,10,5,40,36,-34,-36,34
45,11,5,39,36,-33,-36,33
45,12,5,38,36,-32,-36,32
45,13,5,37,36,-31,-36,31
45,14,5,36,36,-30,-36,30
45,15,5,35,36,-29,-36,29
45,16,5,34,36,-28,-36,28
45,17,5,33,36,-27,-36,27
45,18,5,32,36,-26,-36,26
45,19,5,31,36,-25,-36,25
45,20,5,30,36,-24,-36,24
45,21,5,29,36,-23,-36,23
45,22,5,28,36,-22,-36,22
45,23,5,27,36,-21,-36,21
45,24,5,26,36,-20,-36,20
45,25,5,25,36,-19,-36,19
45,26,5,24,36,-18,-36,18
45,27,5,23,36,-17,-36,17
45,28,5,22,36,-16,-36,16
45,29,5,21,36,-15,-36,15
45,30,5,20,36,-14,-36,14
45,31,5,19,36,-13,-36,13
45,32,5,18,36,-12,-36,12
45,33,5,17,36,-11,-36,11
45,34,5,16,36,-10,-36,10
45,35,5,15,36,-9,-36,9
45,36,5,14,36,-8,-36,8
45,37,5,13,36,-7,-36,7
45,38,5,12,36,-6,-36,6
45,39,5,11,36,-5,-36,5
45,40,5,10,36,-4,-36,4
45,41,5,9,36,-3,-36,3
45,42,5,8,36,-2,-36,2
44,42,6,8,35,-2,-35,2
43,42,7,8,34,-2,-34,2
42,42,8,8,33,-2,-33,2
41,42,9,8,32,-2,-32,2
40,42,10,8,31,-2,-31,2
39,42,11,8,30,-2,-30,2
39,43,11,7,30,-1,-30,1
38,43,12,7,29,-1,-29,1
37,43,13,7,28,-1,-28,1
36,43,14,7,27,-1,-27,1
35,43,15,7,26,-1,-26,1
34,43,16,7,25,-1,-25,1
33,43,17,7,24,-1,-24,1
32,43,18,7,23,-1,-23,1
31,43,19,7,22,-1,-22,1
30,43,20,7,21,-1,-21,1
29,43,21,7,20,-1,-20,1
28,43,22,7,19,-1,-19,1
27,43,23,7,18,-1,-18,1
27,44,23,6,18,0,-18,0
26,44,24,6,17,0,-17,0
25,44,25,6,16,0,-16,0
24,44,26,6,15,0,-15,0
23,44,27,6,14,0,-14,0
22,44,28,6,13,0,-13,0
21,44,29,6,12,0,-12,0
20,44,30,6,11,0,-11,0
19,44,31,6,10,0,-10,0
18,44,32,6,9,0,-9,0
17,44,33,6,8,0,-8,0
16,44,34,6,7,0,-7,0
15,44,35,6,6,0,-6,0
14,44,36,6,5,0,-5,0
13,44,37,6,4,0,-4,0
12,44,38,6,3,0,-3,0
11,44,39,6,2,0,-2,0
10,44,40,6,1,0,-1,0
9,44,41,6,2,-2,-2,2
8,44,42,6,1,-2,-1,2
7,44,43,6,0,-2,0,2
6,44,44,6,-1,-2,1,2
5,44,45,6,-2,-2,2,2
4,44,46,6,-3,-2,3,2
3,44,47,6,-4,-2,4,2
2,44,48,6,-5,-2,5,2
2,45,48,5,-5,-1,5,1
3,45,47,5,-4,-1,4,1
4,45,46,5,-3,-1,3,1
5,45,45,5,-2,-1,2,1
6,45,44,5,-1,-1,1,1
6,46,44,4,-1,0,1,0
7,46,43,4,-34,12,34,-12
8,46,42,4,-33,12,33,-12
9,46,41,4,-32,12,32,-12
10,46,40,4,-31,12,31,-12
11,46,39,4,-30,12,30,-12
12,46,38,4,-29,12,29,-12
13,46,37,4,-28,12,28,-12
14,46,36,4,-27,12,27,-12
15,46,35,4,-26,12,26,-12
16,46,34,4,-25,12,25,-12
17,46,33,4,-24,12,24,-12
18,46,32,4,-23,12,23,-12
19,46,31,4,-22,12,22,-12
20,46,30,4,-21,12,21,-12
21,46,29,4,-20,12,20,-12
22,46,28,4,-19,12,19,-12
23,46,27,4,-18,12,18,-12
24,46,26,4,-17,12,17,-12
25,46,25,4,-16,12,16,-12
26,46,24,4,-15,12,15,-12
27,46,23,4,-14,12,14,-12
28,46,22,4,-13,12,13,-12
29,46,21,4,-12,12,12,-12
30,46,20,4,-11,12,11,-12
31,46,19,4,-10,12,10,-12
32,46,18,4,-9,12,9,-12
33,46,17,4,-8,12,8,-12
34,46,16,4,-7,12,7,-12
35,46,15,4,-6,12,6,-12
36,46,14,4,-5,12,5,-12
37,46,13,4,-4,12,4,-12
38,46,12,4,-3,12,3,-12
39,46,11,4,-2,12,2,-12
40,46,10,4,-1,12,1,-12
41,46,9,4,0,12,0,-12
41,45,9,5,0,11,0,-11
41,44,9,6,0,10,0,-10
41,43,9,7,0,9,0,-9
41,42,9,8,0,8,0,-8
41,41,9,9,0,7,0,-7
41,40,9,10,0,6,0,-6
41,39,9,11,0,5,0,-5
41,38,9,12,0,4,0,-4
41,37,9,13,0,3,0,-3
41,36,9,14,0,2,0,-2
41,35,9,15,0,1,0,-1
41,34,9,16,-2,29,2,-29
41,33,9,17,-2,28,2,-28
41,32,9,18,-2,27,2,-27
41,31,9,19,-2,26,2,-26
41,30,9,20,-2,25,2,-25
41,29,9,21,-2,24,2,-24
41,28,9,22,-2,23,2,-23
42,28,8,22,-1,23,1,-23
43,28,7,22,0,23,0,-23
43,27,7,23,0,22,0,-22
43,26,7,24,0,21,0,-21
43,25,7,25,0,20,0,-20
43,24,7,26,0,19,0,-19
43,23,7,27,0,18,0,-18
43,22,7,28,0,17,0,-17
43,21,7,29,0,16,0,-16
43,20,7,30,0,15,0,-15
43,19,7,31,0,14,0,-14
43,18,7,32,0,13,0,-13
43,17,7,33,0,12,0,-12
43,16,7,34,0,11,0,-11
43,15,7,35,0,10,0,-10
43,14,7,36,0,9,0,-9
43,13,7,37,0,8,0,-8
43,12,7,38,0,7,0,-7
43,11,7,39,0,6,0,-6
43,10,7,40,0,5,0,-5
43,9,7,41,0,4,0,-4
43,8,7,42,0,3,0,-3
43,7,7,43,0,2,0,-2
43,6,7,44,0,1,0,-1
43,5,7,45,23,-3,-23,3
43,4,7,46,23,-4,-23,4
43,3,7,47,23,-5,-23,5
42,3,8,47,22,-5,-22,5
41,3,9,47,21,-5,-21,5
40,3,10,47,20,-5,-20,5
39,3,11,47,19,-5,-19,5
38,3,12,47,18,-5,-18,5
37,3,13,47,17,-5,-17,5
36,3,14,47,16,-5,-16,5
35,3,15,47,15,-5,-15,5
34,3,16,47,14,-5,-14,5
33,3,17,47,13,-5,-13,5
32,3,18,47,12,-5,-12,5
31,3,19,47,11,-5,-11,5
30,3,20,47,10,-5,-10,5
29,3,21,47,9,-5,-9,5
28,3,22,47,8,-5,-8,5
27,3,23,47,7,-5,-7,5
26,3,24,47,6,-5,-6,5
25,3,25,47,5,-5,-5,5
24,3,26,47,4,-5,-4,5
23,3,27,47,3,-5,-3,5
22,3,28,47,2,-5,-2,5
21,3,29,47,1,-5,-1,5
20,3,30,47,0,-5,0,5
20,4,30,46,0,-4,0,4
20,5,30,45,0,-3,0,3
20,6,30,44,0,-2,0,2
20,7,30,43,0,-1,0,1
20,8,30,42,5,8,-5,-8
20,9,30,41,5,9,-5,-9
20,10,30,40,5,10,-5,-10
20,11,30,39,5,11,-5,-11
20,12,30,38,5,12,-5,-12
19,12,31,38,4,12,-4,-12
18,12,32,38,3,12,-3,-12
17,12,33,38,2,12,-2,-12
16,12,34,38,1,12,-1,-12
15,12,35,38,0,12,0,-12
14,12,36,38,-1,12,1,-12
14,11,36,39,-1,11,1,-11
14,10,36,40,-1,10,1,-10
14,9,36,41,-1,9,1,-9
14,8,36,42,-1,8,1,-8
14,7,36,43,-1,7,1,-7
14,6,36,44,-1,6,1,-6
14,5,36,45,-1,5,1,-5
14,4,36,46,-1,4,1,-4
15,4,35,46,0,4,0,-4
15,3,35,47,0,3,0,-3
15,2,35,48,0,2,0,-2
15,1,35,49,0,1,0,-1
15,0,35,50,-8,-48,8,48
15,-1,35,51,-8,-49,8,49
14,-1,36,51,-9,-49,9,49
13,-1,37,51,-10,-49,10,49
12,-1,38,51,-11,-49,11,49
11,-1,39,51,-12,-49,12,49
11,0,39,50,-12,-48,12,48
11,1,39,49,-12,-47,12,47
11,2,39,48,-12,-46,12,46
11,3,39,47,-12,-45,12,45
11,4,39,46,-12,-44,12,44
11,5,39,45,-12,-43,12,43
11,6,39,44,-12,-42,12,42
11,7,39,43,-12,-41,12,41
11,8,39,42,-12,-40,12,40
11,9,39,41,-12,-39,12,39
11,10,39,40,-12,-38,12,38
11,11,39,39,-12,-37,12,37
11,12,39,38,-12,-36,12,36
11,13,39,37,-12,-35,12,35
11,14,39,36,-12,-34,12,34
11,15,39,35,-12,-33,12,33
11,16,39,34,-12,-32,12,32
11,17,39,33,-12,-31,12,31
11,18,39,32,-12,-30,12,30
11,19,39,31,-12,-29,12,29
11,20,39,30,-12,-28,12,28
11,21,39,29,-12,-27,12,27
11,22,39,28,-12,-26,12,26
11,23,39,27,-12,-25,12,25
11,24,39,26,-12,-24,12,24
11,25,39,25,-12,-23,12,23
11,26,39,24,-12,-22,12,22
11,27,39,23,-12,-21,12,21
11,28,39,22,-12,-20,12,20
11,29,39,21,-12,-19,12,19
11,30,39,20,-12,-18,12,18
11,31,39,19,-12,-17,12,17
11,32,39,18,-12,-16,12,16
11,33,39,17,-12,-15,12,15
11,34,39,16,-12,-14,12,14
11,35,39,15,-12,-13,12,13
11,36,39,14,-12,-12,12,12
11,37,39,13,-12,-11,12,11
11,38,39,12,-12,-10,12,10
11,39,39,11,-12,-9,12,9
11,40,39,10,-12,-8,12,8
11,41,39,9,-12,-7,12,7
11,42,39,8,-12,-6,12,6
11,43,39,7,-12,-5,12,5
11,44,39,6,-12,-4,12,4
11,45,39,5,-12,-3,12,3
11,46,39,4,-12,-2,12,2
11,47,39,3,-12,-1,12,1
11,48,39,2,-12,0,12,0
12,48,38,2,-11,0,11,0
13,48,37,2,-10,0,10,0
14,48,36,2,-9,0,9,0
15,48,35,2,-8,0,8,0
16,48,34,2,-7,0,7,0
17,48,33,2,-6,0,6,0
18,48,32,2,-5,0,5,0
19,48,31,2,-4,0,4,0
20,48,30,2,-3,0,3,0
21,48,29,2,-2,0,2,0
0,0,0,1
0,0,0,1
0,0,0,1
0,0,0,1
0,0,0,1
0,0,0,1
1,0,0,0
1,0,0,0
0,0,1,0
0,0,1,0
0,0,1,0
0,0,1,0
0,0,1,0
0,0,1,0
0,0,1,0
0,0,1,0
0,0,1,0
0,0,1,0
0,0,1,0
0,0,1,0
0,0,1,0
0,0,1,0
0,0,1,0
0,0,1,0
0,0,1,0
0,0,1,0
0,0,1,0
0,0,1,0
0,0,1,0
0,0,1,0
0,0,1,0
0,0,1,0
0,0,1,0
1,0,0,0
1,0,0,0
1,0,0,0
0,0,0,1
0,0,0,1
0,0,0,1
0,0,0,1
0,0,0,1
0,0,0,1
0,0,0,1
0,0,0,1
0,0,0,1
1,0,0,0
1,0,0,0
0,0,0,1
0,0,0,1
0,0,0,1
0,0,0,1
0,0,0,1
0,0,0,1
0,0,0,1
0,0,0,1
0,0,0,1
0,0,0,1
0,0,0,1
0,0,0,1
0,0,0,1
0,0,0,1
0,0,0,1
0,0,0,1
0,0,0,1
0,0,0,1
0,0,0,1
0,0,0,1
0,0,0,1
0,0,0,1
0,0,0,1
0,0,0,1
0,0,0,1
0,0,0,1
0,0,0,1
0,0,0,1
0,0,0,1
0,0,0,1
0,0,0,1
0,0,0,1
0,0,0,1
1,0,0,0
1,0,0,0
1,0,0,0
1,0,0,0
1,0,0,0
1,0,0,0
1,0,0,0
1,0,0,0
1,0,0,0
1,0,0,0
1,0,0,0
1,0,0,0
1,0,0,0
1,0,0,0
1,0,0,0
1,0,0,0
0,0,1,0
0,0,1,0
0,0,1,0
0,0,1,0
0,0,1,0
0,0,1,0
0,0,1,0
0,0,1,0
0,0,1,0
0,0,1,0
0,0,1,0
0,0,1,0
0,0,1,0
0,0,1,0
0,0,1,0
0,0,1,0
0,0,1,0
0,0,1,0
0,0,1,0
0,0,1,0
0,0,1,0
0,0,1,0
0,0,1,0
0,1,0,0
0,1,0,0
0,1,0,0
0,1,0,0
0,1,0,0
0,1,0,0
0,1,0,0
0,0,0,1
0,1,0,0
0,1,0,0
0,1,0,0
0,1,0,0
0,1,0,0
0,1,0,0
0,1,0,0
0,1,0,0
0,1,0,0
0,1,0,0
0,0,0,1
0,1,0,0
0,1,0,0
0,1,0,0
0,1,0,0
0,1,0,0
0,1,0,0
0,1,0,0
0,1,0,0
0,1,0,0
0,1,0,0
0,1,0,0
0,1,0,0
0,0,1,0
0,0,1,0
0,0,1,0
0,0,1,0
0,0,1,0
0,0,1,0
0,0,1,0
0,0,1,0
0,0,1,0
0,0,1,0
0,0,1,0
1,0,0,0
1,0,0,0
1,0,0,0
1,0,0,0
1,0,0,0
1,0,0,0
1,0,0,0
1,0,0,0
1,0,0,0
1,0,0,0
1,0,0,0
1,0,0,0
1,0,0,0
1,0,0,0
1,0,0,0
1,0,0,0
1,0,0,0
1,0,0,0
0,0,0,1
0,0,0,1
0,0,0,1
0,0,0,1
0,0,0,1
0,0,0,1
0,0,0,1
0,0,0,1
0,0,0,1
0,0,0,1
0,1,0,0
0,1,0,0
0,1,0,0
0,1,0,0
0,1,0,0
0,1,0,0
0,1,0,0
0,1,0,0
0,1,0,0
0,1,0,0
0,1,0,0
0,1,0,0
0,0,1,0
0,0,1,0
0,0,1,0
0,0,1,0
0,0,1,0
0,0,1,0
0,0,1,0
0,0,1,0
0,0,1,0
0,0,1,0
0,0,1,0
0,0,1,0
1,0,0,0
1,0,0,0
1,0,0,0
0,0,1,0
0,0,1,0
0,0,1,0
0,0,1,0
0,0,1,0
1,0,0,0
1,0,0,0
1,0,0,0
1,0,0,0
1,0,0,0
1,0,0,0
1,0,0,0
1,0,0,0
1,0,0,0
1,0,0,0
1,0,0,0
1,0,0,0
1,0,0,0
1,0,0,0
1,0,0,0
1,0,0,0
1,0,0,0
1,0,0,0
1,0,0,0
0,0,0,1
0,0,0,1
0,0,0,1
0,0,0,1
0,0,0,1
0,0,0,1
0,0,0,1
0,0,0,1
0,0,0,1
0,0,0,1
0,0,0,1
0,0,0,1
0,0,0,1
0,0,0,1
0,0,0,1
0,0,0,1
0,0,0,1
0,0,0,1
0,0,0,1
0,0,0,1
0,0,0,1
0,0,0,1
0,0,0,1
0,0,0,1
0,0,0,1
0,0,0,1
0,0,0,1
0,0,0,1
0,0,0,1
0,0,0,1
0,0,0,1
0,0,0,1
0,1,0,0
0,1,0,0
0,1,0,0
0,1,0,0
0,1,0,0
0,1,0,0
0,1,0,0
0,1,0,0
0,1,0,0
0,1,0,0
0,1,0,0
0,1,0,0
0,1,0,0
0,1,0,0
0,1,0,0
0,1,0,0
0,1,0,0
0,1,0,0
0,1,0,0
0,1,0,0
0,1,0,0
0,1,0,0
0,1,0,0
0,1,0,0
0,1,0,0
0,1,0,0
0,1,0,0
0,1,0,0
0,1,0,0
0,1,0,0
0,1,0,0
0,1,0,0
0,1,0,0
0,1,0,0
0,1,0,0
0,0,0,1
0,0,0,1
0,0,0,1
1,0,0,0
1,0,0,0
1,0,0,0
1,0,0,0
1,0,0,0
1,0,0,0
1,0,0,0
1,0,0,0
1,0,0,0
0,0,1,0
0,0,1,0
1,0,0,0
1,0,0,0
1,0,0,0
1,0,0,0
1,0,0,0
1,0,0,0
1,0,0,0
1,0,0,0
1,0,0,0
1,0,0,0
1,0,0,0
0,0,0,1
1,0,0,0
1,0,0,0
1,0,0,0
1,0,0,0
1,0,0,0
1,0,0,0
1,0,0,0
1,0,0,0
1,0,0,0
1,0,0,0
1,0,0,0
1,0,0,0
1,0,0,0
1,0,0,0
0,0,1,0
0,0,1,0
0,0,1,0
0,0,1,0
0,0,1,0
0,0,1,0
0,0,1,0
0,0,1,0
0,0,1,0
0,0,1,0
0,0,1,0
0,0,1,0
0,0,1,0
0,0,1,0
0,0,1,0
0,0,1,0
0,0,1,0
0,0,1,0
0,0,1,0
0,0,1,0
0,0,1,0
0,0,1,0
0,0,1,0
0,0,1,0
0,1,0,0
0,1,0,0
0,1,0,0
0,1,0,0
0,1,0,0
0,1,0,0
0,1,0,0
0,1,0,0
0,1,0,0
0,1,0,0
0,1,0,0
0,1,0,0
0,1,0,0
0,1,0,0
0,1,0,0
0,1,0,0
0,1,0,0
0,1,0,0
0,1,0,0
0,1,0,0
0,1,0,0
0,1,0,0
0,1,0,0
0,1,0,0
0,1,0,0
0,1,0,0
0,1,0,0
0,1,0,0
0,1,0,0
0,1,0,0
0,1,0,0
0,1,0,0
0,1,0,0
0,1,0,0
0,1,0,0
0,1,0,0
0,1,0,0
0,1,0,0
0,0,1,0
0,0,1,0
1,0,0,0
1,0,0,0
1,0,0,0
1,0,0,0
1,0,0,0
1,0,0,0
1,0,0,0
1,0,0,0
1,0,0,0
1,0,0,0
1,0,0,0
1,0,0,0
1,0,0,0
1,0,0,0
1,0,0,0
1,0,0,0
1,0,0,0
1,0,0,0
1,0,0,0
1,0,0,0
1,0,0,0
1,0,0,0
1,0,0,0
1,0,0,0
1,0,0,0
1,0,0,0
0,0,0,1
0,1,0,0
0,1,0,0
0,1,0,0
0,1,0,0
0,1,0,0
0,1,0,0
0,1,0,0
0,1,0,0
0,1,0,0
0,1,0,0
0,1,0,0
0,1,0,0
0,1,0,0
0,1,0,0
0,1,0,0
0,1,0,0
0,1,0,0
0,1,0,0
0,1,0,0
0,0,1,0
0,0,1,0
0,0,1,0
0,0,1,0
0,0,1,0
0,1,0,0
0,1,0,0
0,1,0,0
0,1,0,0
0,1,0,0
0,1,0,0
0,0,0,1
0,1,0,0
0,1,0,0
0,1,0,0
0,1,0,0
0,1,0,0
0,1,0,0
0,0,0,1
0,0,0,1
0,0,0,1
0,0,0,1
0,0,0,1
0,0,0,1
1,0,0,0
1,0,0,0
1,0,0,0
1,0,0,0
1,0,0,0
1,0,0,0
1,0,0,0
1,0,0,0
1,0,0,0
1,0,0,0
1,0,0,0
1,0,0,0
1,0,0,0
1,0,0,0
1,0,0,0
1,0,0,0
1,0,0,0
1,0,0,0
1,0,0,0
1,0,0,0
1,0,0,0
1,0,0,0
1,0,0,0
1,0,0,0
1,0,0,0
1,0,0,0
1,0,0,0
1,0,0,0
1,0,0,0
1,0,0,0
1,0,0,0
1,0,0,0
1,0,0,0
1,0,0,0
1,0,0,0
1,0,0,0
1,0,0,0
0,0,0,1
0,0,0,1
0,0,0,1
0,0,0,1
0,0,0,1
0,0,0,1
0,0,0,1
0,0,0,1
0,0,0,1
0,0,0,1
0,0,0,1
0,0,0,1
0,0,0,1
0,0,0,1
0,0,0,1
0,0,0,1
0,0,0,1
0,0,0,1
0,0,0,1
0,0,0,1
0,0,0,1
0,0,0,1
0,0,0,1
0,0,0,1
0,0,0,1
0,0,0,1
0,0,0,1
1,0,0,0
1,0,0,0
1,0,0,0
1,0,0,0
1,0,0,0
1,0,0,0
1,0,0,0
1,0,0,0
0,0,1,0
0,0,1,0
0,0,1,0
0,0,1,0
0,0,1,0
0,0,1,0
0,0,1,0
0,0,1,0
0,1,0,0
0,0,1,0
0,0,1,0
0,0,1,0
0,0,1,0
0,0,1,0
0,0,1,0
0,0,1,0
0,0,1,0
0,0,1,0
0,0,1,0
0,0,1,0
0,0,1,0
0,0,1,0
0,0,1,0
0,0,1,0
0,0,1,0
0,0,1,0
0,0,1,0
0,0,1,0
0,0,1,0
0,0,1,0
0,0,1,0
0,0,1,0
0,0,1,0
0,0,1,0
0,0,1,0
0,0,1,0
0,0,1,0
0,0,1,0
0,0,1,0
0,0,1,0
0,0,1,0
0,0,1,0
0,0,1,0
0,0,1,0
0,0,1,0
0,0,1,0
0,1,0,0
0,1,0,0
0,1,0,0
0,1,0,0
0,1,0,0
0,1,0,0
0,1,0,0
0,1,0,0
0,1,0,0
0,1,0,0
0,1,0,0
0,1,0,0
0,1,0,0
0,1,0,0
0,1,0,0
0,1,0,0
0,1,0,0
0,1,0,0
0,1,0,0
0,1,0,0
0,1,0,0
0,1,0,0
0,1,0,0
0,1,0,0
0,1,0,0
0,1,0,0
0,1,0,0
0,1,0,0
0,1,0,0
0,1,0,0
0,1,0,0
0,0,0,1
0,0,0,1
0,0,0,1
0,0,0,1
0,0,0,1
0,0,0,1
0,0,0,1
0,0,0,1
0,0,0,1
0,0,0,1
0,0,0,1
0,0,0,1
0,0,0,1
0,0,0,1
0,0,0,1
0,0,0,1
0,0,0,1
0,0,0,1
0,0,0,1
0,0,0,1
0,0,0,1
0,0,0,1
0,0,0,1
0,0,0,1
0,0,0,1
0,0,0,1
0,0,0,1
0,0,0,1
1,0,0,0
1,0,0,0
1,0,0,0
1,0,0,0
1,0,0,0
1,0,0,0
1,0,0,0
1,0,0,0
0,0,1,0
1,0,0,0
1,0,0,0
1,0,0,0
1,0,0,0
1,0,0,0
1,0,0,0
1,0,0,0
1,0,0,0
1,0,0,0
1,0,0,0
1,0,0,0
1,0,0,0
1,0,0,0
0,0,0,1
0,0,0,1
0,0,0,1
0,0,0,1
0,0,0,1
0,0,0,1
0,0,0,1
0,0,0,1
0,0,0,1
0,0,0,1
0,0,0,1
0,0,0,1
0,0,0,1
0,0,0,1
0,1,0,0
0,1,0,0
0,1,0,0
0,0,1,0
0,0,1,0
0,0,1,0
0,0,1,0
0,0,1,0
0,0,1,0
0,0,1,0
0,0,1,0
0,0,1,0
0,0,1,0
0,0,1,0
0,0,1,0
0,0,1,0
0,0,1,0
0,0,1,0
0,0,1,0
0,0,1,0
0,0,1,0
0,0,1,0
0,0,1,0
0,0,1,0
0,0,1,0
0,0,1,0
0,0,1,0
0,0,1,0
0,0,1,0
0,0,1,0
0,0,1,0
0,0,1,0
0,0,1,0
0,0,1,0
0,0,1,0
0,0,1,0
0,0,1,0
0,0,1,0
0,0,1,0
0,0,1,0
0,0,1,0
0,0,1,0
0,0,1,0
0,0,1,0
0,1,0,0
0,1,0,0
0,1,0,0
0,1,0,0
0,1,0,0
0,0,1,0
0,1,0,0
0,1,0,0
0,1,0,0
0,1,0,0
0,1,0,0
0,1,0,0
0,0,0,1
0,0,0,1
0,0,0,1
0,0,0,1
0,0,0,1
1,0,0,0
1,0,0,0
1,0,0,0
0,0,0,1
0,0,0,1
0,0,0,1
0,0,0,1
0,0,0,1
0,0,0,1
0,0,0,1
0,0,0,1
0,0,0,1
0,0,0,1
0,0,0,1
0,0,0,1
0,0,0,1
0,0,0,1
0,0,0,1
0,0,0,1
0,0,0,1
0,0,0,1
0,0,0,1
0,1,0,0
0,1,0,0
0,1,0,0
0,1,0,0
0,1,0,0
0,1,0,0
0,1,0,0
0,1,0,0
0,1,0,0
0,1,0,0
0,0,1,0
0,0,1,0
0,0,1,0
0,0,1,0
0,0,1,0
0,0,1,0
0,0,1,0
0,0,1,0
0,0,1,0
0,0,1,0
0,0,1,0
0,0,1,0
0,0,1,0
0,0,1,0
0,0,1,0
0,0,1,0
0,0,1,0
0,0,1,0
0,0,1,0
0,0,1,0
0,0,1,0
0,0,1,0
0,0,1,0
0,0,1,0
0,0,1,0
0,1,0,0
0,1,0,0
0,1,0,0
0,1,0,0
0,1,0,0
0,1,0,0
0,1,0,0
0,1,0,0
0,1,0,0
0,1,0,0
0,1,0,0
0,1,0,0
0,0,0,1
0,0,0,1
0,0,0,1
0,0,0,1
0,0,0,1
0,0,0,1
0,0,0,1
0,0,0,1
0,0,0,1
0,0,0,1
0,0,0,1
0,0,0,1
0,0,0,1
0,0,0,1
0,0,0,1
0,0,0,1
0,0,0,1
0,0,0,1
0,0,0,1
0,0,0,1
0,0,0,1
0,0,0,1
0,0,0,1
0,0,0,1
0,0,0,1
0,0,0,1
0,0,0,1
0,0,0,1
0,0,0,1
0,0,0,1
0,0,0,1
0,0,0,1
0,0,0,1
0,0,0,1
0,0,0,1
0,0,0,1
0,0,0,1
0,0,0,1
0,0,0,1
0,0,0,1
0,0,0,1
0,0,0,1
0,0,0,1
0,0,0,1
0,1,0,0
0,1,0,0
0,1,0,0
0,0,1,0
0,0,1,0
0,0,1,0
0,0,1,0
0,0,1,0
0,0,1,0
0,0,1,0
0,0,1,0
0,0,1,0
0,0,1,0
0,0,1,0
0,0,1,0
0,0,1,0
0,0,1,0
0,0,1,0
0,0,1,0
0,0,1,0
0,0,1,0
0,0,1,0
0,0,1,0
0,0,1,0
0,0,1,0
0,0,1,0
0,0,1,0
0,0,1,0
0,0,1,0
0,0,1,0
0,0,1,0
0,0,1,0
0,0,1,0
0,0,1,0
0,0,1,0
0,0,1,0
0,0,1,0
0,0,1,0
0,0,1,0
0,0,1,0
0,0,1,0
1,0,0,0
1,0,0,0
1,0,0,0
1,0,0,0
1,0,0,0
0,0,1,0
1,0,0,0
1,0,0,0
1,0,0,0
1,0,0,0
1,0,0,0
1,0,0,0
1,0,0,0
1,0,0,0
1,0,0,0
1,0,0,0
1,0,0,0
1,0,0,0
1,0,0,0
1,0,0,0
1,0,0,0
1,0,0,0
1,0,0,0
1,0,0,0
1,0,0,0
1,0,0,0
1,0,0,0
1,0,0,0
1,0,0,0
1,0,0,0
1,0,0,0
1,0,0,0
1,0,0,0
1,0,0,0
1,0,0,0
1,0,0,0
1,0,0,0
1,0,0,0
1,0,0,0
1,0,0,0
1,0,0,0
1,0,0,0
1,0,0,0
1,0,0,0
1,0,0,0
1,0,0,0
1,0,0,0
1,0,0,0
1,0,0,0
0,0,0,1
0,0,0,1
0,0,0,1
0,0,0,1
0,0,0,1
0,0,0,1
0,0,0,1
0,0,0,1
0,0,0,1
0,0,0,1
0,0,0,1
0,0,0,1
0,0,0,1
0,0,0,1
0,0,0,1
0,0,0,1
0,0,0,1
0,0,0,1
0,0,0,1
0,0,0,1
0,0,0,1
0,0,0,1
0,0,0,1
0,0,0,1
0,0,0,1
0,0,0,1
0,0,0,1
0,0,0,1
0,0,0,1
0,0,0,1
0,0,0,1
0,0,0,1
0,1,0,0
0,1,0,0
0,1,0,0
0,1,0,0
0,1,0,0
0,1,0,0
0,1,0,0
0,1,0,0
0,1,0,0
0,1,0,0
0,1,0,0
0,1,0,0
0,1,0,0
0,1,0,0
0,1,0,0
0,1,0,0
0,1,0,0
0,1,0,0
0,1,0,0
0,1,0,0
0,1,0,0
0,1,0,0
0,1,0,0
0,1,0,0
0,1,0,0
0,1,0,0
0,1,0,0
0,1,0,0
0,1,0,0
0,1,0,0
0,1,0,0
0,1,0,0
0,1,0,0
0,0,1,0
0,0,1,0
0,0,1,0
0,0,1,0
0,0,1,0
0,0,1,0
0,0,1,0
0,0,1,0
0,0,1,0
0,0,1,0
0,0,1,0
0,0,1,0
0,0,1,0
0,0,1,0
0,0,1,0
0,0,1,0
0,0,1,0
0,0,1,0
0,0,1,0
0,0,1,0
0,0,1,0
1,0,0,0
1,0,0,0
1,0,0,0
1,0,0,0
1,0,0,0
1,0,0,0
1,0,0,0
0,0,0,1
0,0,0,1
0,0,0,1
0,0,0,1
0,0,0,1
0,0,0,1
0,0,0,1
0,0,0,1
0,0,0,1
0,0,0,1
0,0,0,1
0,0,0,1
0,0,0,1
0,0,0,1
0,0,0,1
0,0,0,1
0,0,0,1
0,0,0,1
0,0,0,1
0,0,0,1
0,0,0,1
0,0,0,1
0,0,0,1
0,0,0,1
0,0,0,1
0,0,0,1
0,0,0,1
0,0,0,1
0,0,0,1
0,0,0,1
0,0,0,1
0,0,0,1
0,0,0,1
0,1,0,0
0,1,0,0
0,1,0,0
0,1,0,0
0,1,0,0
0,0,1,0
0,0,1,0
0,0,1,0
0,0,1,0
0,0,1,0
0,0,1,0
0,0,1,0
0,0,1,0
0,0,1,0
0,0,1,0
0,0,1,0
0,0,1,0
0,0,1,0
0,0,1,0
0,0,1,0
0,0,1,0
0,0,1,0
0,0,1,0
0,0,1,0
0,0,1,0
0,0,1,0
0,0,1,0
0,0,1,0
0,0,1,0
0,0,1,0
0,0,1,0
0,0,1,0
0,0,1,0
0,0,1,0
0,0,1,0
0,0,1,0
1,0,0,0
1,0,0,0
1,0,0,0
1,0,0,0
1,0,0,0
1,0,0,0
1,0,0,0
1,0,0,0
1,0,0,0
1,0,0,0
1,0,0,0
1,0,0,0
1,0,0,0
1,0,0,0
1,0,0,0
1,0,0,0
1,0,0,0
1,0,0,0
1,0,0,0
1,0,0,0
1,0,0,0
1,0,0,0
1,0,0,0
1,0,0,0
1,0,0,0
0,0,0,1
0,0,0,1
0,0,0,1
0,0,0,1
0,0,0,1
0,0,0,1
0,0,0,1
0,0,0,1
0,0,0,1
0,0,0,1
0,0,0,1
0,1,0,0
0,1,0,0
0,1,0,0
0,1,0,0
0,1,0,0
0,1,0,0
0,1,0,0
0,1,0,0
0,1,0,0
0,1,0,0
0,1,0,0
0,1,0,0
0,1,0,0
0,1,0,0
0,1,0,0
0,1,0,0
0,1,0,0
0,1,0,0
0,1,0,0
0,1,0,0
0,1,0,0
0,1,0,0
0,1,0,0
0,1,0,0
0,1,0,0
0,1,0,0
0,1,0,0
0,1,0,0
0,1,0,0
0,1,0,0
0,1,0,0
0,1,0,0
0,1,0,0
0,1,0,0
0,0,0,1
0,0,0,1
0,0,0,1
0,0,0,1
0,0,0,1
0,0,0,1
0,0,0,1
0,0,0,1
1,0,0,0
0,0,0,1
0,0,0,1
0,0,0,1
0,0,0,1
0,0,0,1
0,0,0,1
1,0,0,0
1,0,0,0
1,0,0,0
1,0,0,0
1,0,0,0
1,0,0,0
1,0,0,0
1,0,0,0
1,0,0,0
1,0,0,0
1,0,0,0
0,0,1,0
0,0,1,0
0,0,1,0
0,0,1,0
0,0,1,0
0,0,1,0
0,0,1,0
0,0,1,0
0,0,1,0
0,0,1,0
0,0,1,0
0,0,1,0
0,0,1,0
0,0,1,0
0,0,1,0
0,0,1,0
0,0,1,0
0,0,1,0
0,0,1,0
0,0,1,0
0,0,1,0
0,0,1,0
0,0,1,0
0,0,1,0
0,0,1,0
0,0,1,0
0,0,1,0
0,0,1,0
0,0,1,0
0,0,1,0
0,0,1,0
0,0,1,0
0,0,1,0
0,0,1,0
0,0,1,0
0,0,1,0
0,0,1,0
0,0,1,0
0,0,1,0
0,0,1,0
0,0,1,0
0,0,1,0
1,0,0,0
1,0,0,0
1,0,0,0
1,0,0,0
1,0,0,0
1,0,0,0
1,0,0,0
1,0,0,0
1,0,0,0
1,0,0,0
1,0,0,0
1,0,0,0
1,0,0,0
1,0,0,0
1,0,0,0
1,0,0,0
1,0,0,0
1,0,0,0
1,0,0,0
1,0,0,0
1,0,0,0
1,0,0,0
1,0,0,0
1,0,0,0
0,0,0,1
0,0,0,1
0,0,0,1
0,0,0,1
0,0,0,1
0,0,0,1
0,0,0,1
0,0,0,1
0,0,0,1
0,0,0,1
0,0,0,1
0,0,0,1
0,0,0,1
0,0,0,1
0,0,0,1
0,0,0,1
0,0,0,1
0,0,0,1
0,0,0,1
0,0,0,1
0,0,0,1
0,0,0,1
0,0,0,1
0,0,0,1
0,0,0,1
0,0,0,1
0,0,0,1
0,0,0,1
0,0,0,1
0,0,0,1
0,0,0,1
0,0,0,1
0,0,0,1
0,0,0,1
0,0,0,1
0,0,0,1
0,0,0,1
0,0,0,1
0,0,0,1
0,0,0,1
0,0,0,1
0,0,0,1
0,0,0,1
0,1,0,0
0,1,0,0
0,1,0,0
0,1,0,0
0,1,0,0
0,1,0,0
0,1,0,0
0,1,0,0
0,1,0,0
0,1,0,0
0,1,0,0
0,1,0,0
0,1,0,0
0,1,0,0
0,1,0,0
0,1,0,0
0,1,0,0
0,1,0,0
0,1,0,0
0,1,0,0
0,1,0,0
0,1,0,0
0,1,0,0
0,1,0,0
0,1,0,0
0,1,0,0
0,1,0,0
0,1,0,0
0,1,0,0
0,1,0,0
0,1,0,0
0,1,0,0
0,1,0,0
0,1,0,0
0,0,1,0
0,1,0,0
0,1,0,0
0,1,0,0
0,1,0,0
0,1,0,0
0,1,0,0
0,1,0,0
0,0,1,0
0,0,1,0
0,0,1,0
0,0,1,0
0,0,1,0
1,0,0,0
1,0,0,0
1,0,0,0
1,0,0,0
1,0,0,0
1,0,0,0
1,0,0,0
1,0,0,0
1,0,0,0
1,0,0,0
1,0,0,0
1,0,0,0
1,0,0,0
1,0,0,0
1,0,0,0
0,0,0,1
0,0,0,1
0,0,0,1
0,0,0,1
1,0,0,0
1,0,0,0
1,0,0,0
1,0,0,0
1,0,0,0
1,0,0,0
1,0,0,0
1,0,0,0
1,0,0,0
1,0,0,0
1,0,0,0
1,0,0,0
1,0,0,0
1,0,0,0
1,0,0,0
1,0,0,0
1,0,0,0
1,0,0,0
1,0,0,0
1,0,0,0
0,0,0,1
0,0,0,1
0,0,0,1
0,0,0,1
0,0,0,1
0,1,0,0
0,1,0,0
0,1,0,0
0,1,0,0
0,1,0,0
0,1,0,0
0,1,0,0
0,1,0,0
0,1,0,0
0,1,0,0
0,1,0,0
0,1,0,0
0,1,0,0
0,1,0,0
0,1,0,0
0,1,0,0
0,1,0,0
0,1,0,0
0,1,0,0
0,1,0,0
0,1,0,0
0,1,0,0
0,1,0,0
0,1,0,0
0,1,0,0
0,1,0,0
0,1,0,0
0,1,0,0
0,1,0,0
0,1,0,0
0,1,0,0
0,1,0,0
0,1,0,0
0,0,1,0
0,0,1,0
0,0,1,0
0,0,1,0
0,0,1,0
0,0,1,0
0,0,1,0
0,0,1,0
0,0,1,0
0,0,1,0
0,0,1,0
0,0,1,0
0,0,1,0
0,0,1,0
0,0,1,0
1,0,0,0
0,0,1,0
0,0,1,0
0,0,1,0
0,0,1,0
0,0,1,0
0,0,1,0
0,0,1,0
0,0,1,0
0,0,1,0
0,0,1,0
0,0,1,0
0,0,1,0
0,0,1,0
0,0,1,0
0,0,1,0
0,0,1,0
0,0,1,0
0,0,1,0
0,0,1,0
0,0,1,0
0,0,1,0
0,0,1,0
0,0,1,0
0,0,1,0
0,0,1,0
0,0,1,0
0,0,1,0
0,0,1,0
1,0,0,0
1,0,0,0
1,0,0,0
1,0,0,0
1,0,0,0
1,0,0,0
1,0,0,0
1,0,0,0
1,0,0,0
1,0,0,0
1,0,0,0
1,0,0,0
1,0,0,0
1,0,0,0
1,0,0,0
1,0,0,0
1,0,0,0
1,0,0,0
1,0,0,0
1,0,0,0
1,0,0,0
1,0,0,0
0,0,0,1
0,0,0,1
0,0,0,1
0,0,0,1
0,0,0,1
0,0,0,1
0,0,0,1
0,0,0,1
0,0,0,1
0,0,0,1
0,0,0,1
0,0,0,1
0,0,0,1
0,0,0,1
0,0,0,1
0,0,0,1
0,0,0,1
0,0,0,1
0,0,0,1
0,0,0,1
0,0,0,1
0,0,0,1
0,0,0,1
0,0,0,1
0,0,0,1
0,0,0,1
0,0,0,1
0,0,0,1
0,0,0,1
0,0,0,1
0,0,0,1
0,0,0,1
0,0,0,1
0,1,0,0
0,1,0,0
0,1,0,0
0,1,0,0
0,1,0,0
0,0,1,0
0,1,0,0
0,1,0,0
0,1,0,0
0,1,0,0
0,1,0,0
0,0,1,0
0,0,1,0
0,0,1,0
0,0,1,0
0,0,1,0
0,0,1,0
0,0,1,0
0,0,1,0
0,0,1,0
0,0,1,0
0,0,1,0
0,0,1,0
0,0,1,0
0,0,1,0
0,0,1,0
0,0,1,0
0,0,1,0
0,0,1,0
0,0,1,0
0,0,1,0
0,0,1,0
0,0,1,0
1,0,0,0
1,0,0,0
1,0,0,0
1,0,0,0
1,0,0,0
1,0,0,0
1,0,0,0
1,0,0,0
1,0,0,0
1,0,0,0
1,0,0,0
1,0,0,0
1,0,0,0
1,0,0,0
1,0,0,0
1,0,0,0
1,0,0,0
1,0,0,0
0,0,0,1
1,0,0,0
1,0,0,0
1,0,0,0
1,0,0,0
1,0,0,0
1,0,0,0
1,0,0,0
1,0,0,0
1,0,0,0
1,0,0,0
0,0,0,1
0,0,0,1
0,0,0,1
0,0,0,1
0,0,0,1
0,0,0,1
0,0,0,1
0,0,0,1
0,0,0,1
0,0,0,1
0,0,0,1
0,0,0,1
0,0,0,1
0,0,0,1
0,0,0,1
0,0,0,1
0,0,0,1
0,0,0,1
0,0,0,1
0,0,0,1
0,0,0,1
0,0,0,1
0,0,0,1
0,0,0,1
0,0,0,1
0,1,0,0
0,1,0,0
0,0,1,0
0,0,1,0
0,0,1,0
0,0,1,0
0,0,1,0
1,0,0,0
0,0,1,0
0,0,1,0
0,0,1,0
0,0,1,0
0,0,1,0
0,0,1,0
0,0,1,0
0,0,1,0
0,0,1,0
0,1,0,0
0,1,0,0
0,1,0,0
0,1,0,0
0,1,0,0
0,1,0,0
0,1,0,0
0,1,0,0
0,1,0,0
0,1,0,0
0,1,0,0
0,1,0,0
0,1,0,0
0,1,0,0
0,1,0,0
0,1,0,0
0,1,0,0
0,1,0,0
0,1,0,0
0,1,0,0
0,1,0,0
0,1,0,0
0,1,0,0
0,1,0,0
0,1,0,0
0,1,0,0
0,1,0,0
0,1,0,0
0,1,0,0
0,1,0,0
0,1,0,0
0,1,0,0
0,1,0,0
0,1,0,0
0,1,0,0
0,1,0,0
0,1,0,0
0,1,0,0
0,1,0,0
0,1,0,0
0,1,0,0
0,0,0,1
0,0,0,1
0,0,0,1
0,0,0,1
0,0,0,1
0,0,0,1
0,0,0,1
1,0,0,0
0,0,0,1
0,0,0,1
0,0,0,1
0,0,0,1
0,0,0,1
0,0,0,1
0,0,0,1
0,0,0,1
0,0,0,1
0,0,0,1
0,0,0,1
0,0,0,1
0,0,0,1
0,0,0,1
1,0,0,0
0,0,1,0
0,0,1,0
0,0,1,0
0,0,1,0
0,0,1,0
0,0,1,0
0,0,1,0
0,0,1,0
0,0,1,0
0,0,1,0
0,0,1,0
0,0,1,0
0,0,1,0
0,0,1,0
0,0,1,0
0,0,1,0
0,1,0,0
0,0,1,0
0,0,1,0
0,0,1,0
0,0,1,0
0,0,1,0
0,0,1,0
0,0,1,0
0,0,1,0
0,0,1,0
0,0,1,0
0,0,1,0
1,0,0,0
1,0,0,0
1,0,0,0
1,0,0,0
1,0,0,0
1,0,0,0
1,0,0,0
1,0,0,0
1,0,0,0
1,0,0,0
1,0,0,0
1,0,0,0
1,0,0,0
1,0,0,0
0,0,1,0
0,0,1,0
0,0,1,0
0,0,1,0
0,0,1,0
0,0,1,0
0,0,1,0
0,0,1,0
0,0,1,0
0,0,1,0
0,0,1,0
0,0,1,0
0,0,1,0
0,0,1,0
0,1,0,0
0,1,0,0
0,1,0,0
0,1,0,0
0,1,0,0
0,0,0,1
0,1,0,0
0,1,0,0
0,1,0,0
0,1,0,0
0,1,0,0
0,1,0,0
0,1,0,0
0,1,0,0
0,1,0,0
0,1,0,0
0,1,0,0
0,0,0,1
0,0,0,1
0,0,0,1
0,0,0,1
0,0,0,1
0,0,0,1
0,0,0,1
0,0,0,1
0,0,0,1
0,0,0,1
0,0,0,1
0,0,0,1
0,0,0,1
0,0,0,1
0,0,0,1
0,0,0,1
0,0,0,1
0,0,0,1
0,0,0,1
0,0,0,1
0,0,0,1
0,0,0,1
0,0,0,1
0,0,0,1
0,0,0,1
0,0,0,1
0,0,0,1
0,0,0,1
0,0,0,1
0,0,0,1
0,0,0,1
0,0,0,1
0,0,0,1
0,0,0,1
0,0,0,1
0,0,0,1
1,0,0,0
1,0,0,0
1,0,0,0
1,0,0,0
1,0,0,0
1,0,0,0
0,0,0,1
1,0,0,0
1,0,0,0
1,0,0,0
1,0,0,0
1,0,0,0
1,0,0,0
1,0,0,0
1,0,0,0
1,0,0,0
1,0,0,0
1,0,0,0
1,0,0,0
0,0,0,1
1,0,0,0
1,0,0,0
1,0,0,0
1,0,0,0
1,0,0,0
1,0,0,0
1,0,0,0
1,0,0,0
1,0,0,0
1,0,0,0
1,0,0,0
1,0,0,0
1,0,0,0
1,0,0,0
1,0,0,0
1,0,0,0
1,0,0,0
1,0,0,0
1,0,0,0
1,0,0,0
1,0,0,0
1,0,0,0
1,0,0,0
1,0,0,0
1,0,0,0
0,0,0,1
0,1,0,0
0,1,0,0
0,1,0,0
0,1,0,0
0,0,0,1
0,1,0,0
0,1,0,0
0,1,0,0
0,1,0,0
0,1,0,0
0,1,0,0
0,1,0,0
0,1,0,0
0,1,0,0
0,1,0,0
0,1,0,0
0,1,0,0
0,1,0,0
0,1,0,0
0,1,0,0
0,1,0,0
0,1,0,0
0,1,0,0
0,1,0,0
0,1,0,0
0,1,0,0
0,1,0,0
0,1,0,0
0,1,0,0
0,1,0,0
0,1,0,0
0,1,0,0
0,1,0,0
0,1,0,0
0,1,0,0
0,1,0,0
0,1,0,0
0,1,0,0
0,1,0,0
0,1,0,0
0,0,1,0
0,0,1,0
0,0,1,0
0,0,1,0
0,0,1,0
0,0,1,0
0,0,1,0
0,0,1,0
0,0,1,0
0,0,1,0
0,0,1,0
0,0,1,0
0,0,1,0
0,0,1,0
0,0,1,0
0,0,1,0
0,0,1,0
0,0,1,0
0,1,0,0
0,1,0,0
0,0,1,0
0,0,1,0
0,0,1,0
0,0,1,0
0,0,1,0
0,0,1,0
0,0,1,0
0,0,1,0
0,0,1,0
0,0,1,0
0,0,1,0
0,0,1,0
0,0,1,0
0,0,1,0
0,0,1,0
0,0,1,0
0,0,1,0
0,0,1,0
0,0,1,0
0,0,1,0
0,0,1,0
0,0,1,0
0,0,1,0
0,0,1,0
0,0,1,0
1,0,0,0
1,0,0,0
1,0,0,0
1,0,0,0
1,0,0,0
1,0,0,0
1,0,0,0
1,0,0,0
1,0,0,0
1,0,0,0
1,0,0,0
1,0,0,0
1,0,0,0
1,0,0,0
1,0,0,0
1,0,0,0
1,0,0,0
1,0,0,0
1,0,0,0
1,0,0,0
1,0,0,0
1,0,0,0
1,0,0,0
0,0,0,1
0,0,0,1
0,0,0,1
0,0,0,1
0,0,0,1
0,0,0,1
0,0,0,1
0,0,0,1
0,0,0,1
1,0,0,0
1,0,0,0
1,0,0,0
1,0,0,0
1,0,0,0
1,0,0,0
0,0,1,0
0,0,1,0
0,0,1,0
0,0,1,0
0,0,1,0
0,0,1,0
0,0,1,0
0,0,1,0
0,1,0,0
0,0,1,0
0,0,1,0
0,0,1,0
0,0,1,0
0,0,1,0
1,0,0,0
1,0,0,0
1,0,0,0
1,0,0,0
0,0,0,1
0,0,0,1
0,0,0,1
0,0,0,1
0,0,0,1
0,0,0,1
0,0,0,1
0,0,0,1
0,0,0,1
0,0,0,1
0,0,0,1
0,0,0,1
0,0,0,1
0,0,0,1
0,0,0,1
0,0,0,1
0,0,0,1
0,0,0,1
0,0,0,1
0,0,0,1
0,0,0,1
0,0,0,1
0,0,0,1
0,0,0,1
0,0,0,1
0,0,0,1
0,0,0,1
0,0,0,1
0,0,0,1
0,0,0,1
0,0,0,1
0,0,0,1
0,0,0,1
0,0,0,1
0,0,0,1
0,0,0,1
0,0,0,1
0,0,0,1
0,0,0,1
0,0,0,1
0,0,0,1
0,0,0,1
0,0,0,1
0,0,0,1
0,0,0,1
0,0,0,1
0,0,0,1
0,0,0,1
0,0,0,1
0,1,0,0
0,1,0,0
0,1,0,0
0,1,0,0
0,1,0,0
0,1,0,0
0,1,0,0
0,1,0,0
0,1,0,0
0,1,0,0
0,1,0,0
